Id,First Name,Last Name,Full Name,Team Id,Team Name,Team Abbreviation,Conference,Division,Position,Jersey,Status
811,A.J.,Brown,A.J. Brown,1,New England Patriots,NE,AFC,EAST,Wide Receiver,1,Active
33936643,A.J.,Haulcy,A.J. Haulcy,12,Indianapolis Colts,IND,AFC,SOUTH,Safety,25,Active
2295,A.J.,Terrell Jr.,A.J. Terrell Jr.,27,Atlanta Falcons,ATL,NFC,SOUTH,Cornerback,24,Active
1936,A'Shawn,Robinson,A'Shawn Robinson,28,Tampa Bay Buccaneers,TB,NFC,SOUTH,Defensive Tackle,91,Active
33936192,Aamaris,Brown,Aamaris Brown,25,Detroit Lions,DET,NFC,NORTH,Cornerback,42,Active
280195,Aaron,Banks,Aaron Banks,22,Green Bay Packers,GB,NFC,NORTH,Guard,65,Active
2243,Aaron,Brewer,Aaron Brewer,5,Miami Dolphins,MIA,AFC,EAST,Center,55,Active
1328,Aaron,Donald,Aaron Donald,32,Los Angeles Rams,LAR,NFC,WEST,Defensive Tackle,99,Active
33935801,Aaron,Hall,Aaron Hall,29,Carolina Panthers,CAR,NFC,SOUTH,Defensive Tackle,61,Active
496,Aaron,Jones Sr.,Aaron Jones Sr.,23,Minnesota Vikings,MIN,NFC,NORTH,Running Back,33,Active
94,Aaron,Rodgers,Aaron Rodgers,7,Pittsburgh Steelers,PIT,AFC,NORTH,Quarterback,8,Active
13878745,Aaron,Smith,Aaron Smith,31,Seattle Seahawks,SEA,NFC,WEST,Linebacker,42,Active
280630,Aaron,Stinnie,Aaron Stinnie,20,New York Giants,NYG,NFC,EAST,Guard,64,Active
13878484,Abdul,Carter,Abdul Carter,20,New York Giants,NYG,NFC,EAST,Linebacker,3,Active
83771,Abraham,Lucas,Abraham Lucas,31,Seattle Seahawks,SEA,NFC,WEST,Offensive Tackle,72,Active
1378,Adam,Butler,Adam Butler,16,Las Vegas Raiders,LV,AFC,WEST,Defensive Tackle,69,Active
699,Adam,Prentice,Adam Prentice,15,Denver Broncos,DEN,AFC,WEST,Fullback,46,Active
33934150,Adam,Randall,Adam Randall,6,Baltimore Ravens,BAL,AFC,NORTH,Running Back,23,Active
1000,Adam,Trautman,Adam Trautman,15,Denver Broncos,DEN,AFC,WEST,Tight End,82,Active
278577,Adedayo,Odeleye,Adedayo Odeleye,19,Dallas Cowboys,DAL,NFC,EAST,Defensive Tackle,96,Active
1556,Adetomiwa,Adebawore,Adetomiwa Adebawore,12,Indianapolis Colts,IND,AFC,SOUTH,Defensive Tackle,95,Active
13875277,Adin,Huntington,Adin Huntington,8,Cleveland Browns,CLE,AFC,NORTH,Defensive End,98,Active
278543,Adisa,Isaac,Adisa Isaac,6,Baltimore Ravens,BAL,AFC,NORTH,Linebacker,50,Active
278420,Adonai,Mitchell,Adonai Mitchell,4,New York Jets,NYJ,AFC,EAST,Wide Receiver,15,Active
13875320,Aeneas,Peebles,Aeneas Peebles,6,Baltimore Ravens,BAL,AFC,NORTH,Defensive Tackle,90,Active
13874063,Ahmani,Marshall,Ahmani Marshall,29,Carolina Panthers,CAR,NFC,SOUTH,Running Back,,Active
13875279,Ahmed,Hassanein,Ahmed Hassanein,25,Detroit Lions,DET,NFC,NORTH,Defensive End,99,Active
33935363,Aidan,Hubbard,Aidan Hubbard,31,Seattle Seahawks,SEA,NFC,WEST,Linebacker,93,Active
1304,Aidan,Hutchinson,Aidan Hutchinson,25,Detroit Lions,DET,NFC,NORTH,Defensive End,97,Active
66,Aidan,O'Connell,Aidan O'Connell,16,Las Vegas Raiders,LV,AFC,WEST,Quarterback,12,Active
33935569,Aiden,Fisher,Aiden Fisher,10,Houston Texans,HOU,AFC,SOUTH,Linebacker,59,Active
13874913,Aireontae,Ersery,Aireontae Ersery,10,Houston Texans,HOU,AFC,SOUTH,Offensive Tackle,79,Active
281850,AJ,Arcuri,AJ Arcuri,6,Baltimore Ravens,BAL,AFC,NORTH,Offensive Tackle,,Active
278448,AJ,Barner,AJ Barner,31,Seattle Seahawks,SEA,NFC,WEST,Tight End,88,Active
7712,AJ,Cole,AJ Cole,16,Las Vegas Raiders,LV,AFC,WEST,Punter,6,Active
500,AJ,Dillon,AJ Dillon,29,Carolina Panthers,CAR,NFC,SOUTH,Running Back,28,Active
1353,AJ,Epenesa,AJ Epenesa,18,Philadelphia Eagles,PHI,NFC,EAST,Defensive End,57,Active
2646,AJ,Finley,AJ Finley,31,Seattle Seahawks,SEA,NFC,WEST,Safety,30,Active
13874915,Ajani,Cornelius,Ajani Cornelius,19,Dallas Cowboys,DAL,NFC,EAST,Offensive Tackle,65,Active
2403,Akayleb,Evans,Akayleb Evans,29,Carolina Panthers,CAR,NFC,SOUTH,Cornerback,29,Active
2102,Akeem,Davis-Gaither,Akeem Davis-Gaither,12,Indianapolis Colts,IND,AFC,SOUTH,Linebacker,51,Active
33935525,Akheem,Mesidor,Akheem Mesidor,17,Los Angeles Chargers,LAC,AFC,WEST,Linebacker,90,Active
35868532,Al-Jay,Henderson,Al-Jay Henderson,4,New York Jets,NYJ,AFC,EAST,Running Back,,Active
67577,Al-Quadin,Muhammad,Al-Quadin Muhammad,28,Tampa Bay Buccaneers,TB,NFC,SOUTH,Linebacker,97,Active
33935233,Alan,Herron,Alan Herron,26,New Orleans Saints,NO,NFC,SOUTH,Offensive Tackle,70,Active
280408,Alaric,Jackson,Alaric Jackson,32,Los Angeles Rams,LAR,NFC,WEST,Offensive Tackle,77,Active
33938665,Albert,Reese IV,Albert Reese IV,29,Carolina Panthers,CAR,NFC,SOUTH,Offensive Tackle,76,Active
33935815,Albert,Regis,Albert Regis,13,Jacksonville Jaguars,JAX,AFC,SOUTH,Defensive Tackle,98,Active
13878648,Ale,Kaho,Ale Kaho,21,Washington Commanders,WSH,NFC,EAST,Linebacker,51,Active
279668,Alec,Anderson,Alec Anderson,3,Buffalo Bills,BUF,AFC,EAST,Offensive Tackle,70,Active
775,Alec,Ingold,Alec Ingold,17,Los Angeles Chargers,LAC,AFC,WEST,Fullback,30,Active
893,Alec,Pierce,Alec Pierce,12,Indianapolis Colts,IND,AFC,SOUTH,Wide Receiver,14,Active
35940463,Aleva,Hifo,Aleva Hifo,33,Arizona Cardinals,ARI,NFC,WEST,Wide Receiver,84,Active
1444,Alex,Anzalone,Alex Anzalone,28,Tampa Bay Buccaneers,TB,NFC,SOUTH,Linebacker,34,Active
78569,Alex,Bachman,Alex Bachman,32,Los Angeles Rams,LAR,NFC,WEST,Wide Receiver,5,Active
279529,Alex,Forsyth,Alex Forsyth,15,Denver Broncos,DEN,AFC,WEST,Center,54,Active
33935188,Alex,Harkey,Alex Harkey,17,Los Angeles Chargers,LAC,AFC,WEST,Guard,73,Active
1345,Alex,Highsmith,Alex Highsmith,7,Pittsburgh Steelers,PIT,AFC,NORTH,Linebacker,56,Active
282057,Alex,Johnson,Alex Johnson,32,Los Angeles Rams,LAR,NFC,WEST,Cornerback,36,Active
279536,Alex,Palczewski,Alex Palczewski,15,Denver Broncos,DEN,AFC,WEST,Offensive Tackle,63,Active
1491,Alex,Singleton,Alex Singleton,15,Denver Broncos,DEN,AFC,WEST,Linebacker,49,Active
2398,Alex,Ward,Alex Ward,16,Las Vegas Raiders,LV,AFC,WEST,Long Snapper,47,Active
33935418,Alex,Wollschlaeger,Alex Wollschlaeger,26,New Orleans Saints,NO,NFC,SOUTH,Offensive Tackle,79,Active
1389,Alex,Wright,Alex Wright,8,Cleveland Browns,CLE,AFC,NORTH,Defensive End,91,Active
13875368,Alfred,Collins,Alfred Collins,30,San Francisco 49ers,SF,NFC,WEST,Defensive Tackle,95,Active
279317,Ali,Gaye,Ali Gaye,10,Houston Texans,HOU,AFC,SOUTH,Defensive End,95,Active
13880586,Alijah,Clark,Alijah Clark,19,Dallas Cowboys,DAL,NFC,EAST,Safety,38,Active
13878802,Alijah,Huzzie,Alijah Huzzie,10,Houston Texans,HOU,AFC,SOUTH,Cornerback,28,Active
80499,Alijah,Vera-Tucker,Alijah Vera-Tucker,1,New England Patriots,NE,AFC,EAST,Guard,75,Active
1387,Alim,McNeill,Alim McNeill,25,Detroit Lions,DET,NFC,NORTH,Defensive Tackle,54,Active
2239,Alohi,Gilman,Alohi Gilman,14,Kansas City Chiefs,KC,AFC,WEST,Safety,17,Active
1654,Alontae,Taylor,Alontae Taylor,11,Tennessee Titans,TEN,AFC,SOUTH,Cornerback,24,Active
493,Alvin,Kamara,Alvin Kamara,26,New Orleans Saints,NO,NFC,SOUTH,Running Back,41,Active
756,Amani,Hooker,Amani Hooker,11,Tennessee Titans,TEN,AFC,SOUTH,Safety,37,Active
13873928,Amar,Johnson,Amar Johnson,17,Los Angeles Chargers,LAC,AFC,WEST,Running Back,35,Active
279473,Amari,Gainer,Amari Gainer,5,Miami Dolphins,MIA,AFC,EAST,Linebacker,,Active
279038,Amarius,Mims,Amarius Mims,9,Cincinnati Bengals,CIN,AFC,NORTH,Offensive Tackle,71,Active
587,Ameer,Abdullah,Ameer Abdullah,13,Jacksonville Jaguars,JAX,AFC,SOUTH,Running Back,43,Active
2452,Ameer,Speed,Ameer Speed,19,Dallas Cowboys,DAL,NFC,EAST,Cornerback,39,Active
2224,Amen,Ogbongbemiga,Amen Ogbongbemiga,25,Detroit Lions,DET,NFC,NORTH,Linebacker,57,Active
1629,Amik,Robertson,Amik Robertson,21,Washington Commanders,WSH,NFC,EAST,Cornerback,2,Active
113,Amon-Ra,St. Brown,Amon-Ra St. Brown,25,Detroit Lions,DET,NFC,NORTH,Wide Receiver,14,Active
33937537,Anderson,Castle,Anderson Castle,12,Indianapolis Colts,IND,AFC,SOUTH,Running Back,42,Active
2711,Andre,Carter II,Andre Carter II,17,Los Angeles Chargers,LAC,AFC,WEST,Linebacker,51,Active
1705,Andre,Cisco,Andre Cisco,4,New York Jets,NYJ,AFC,EAST,Safety,8,Active
33936246,Andre,Fuller,Andre Fuller,31,Seattle Seahawks,SEA,NFC,WEST,Cornerback,35,Active
2139,Andre,James,Andre James,11,Tennessee Titans,TEN,AFC,SOUTH,Center,61,Active
2423,Andre,Jones Jr.,Andre Jones Jr.,3,Buffalo Bills,BUF,AFC,EAST,Linebacker,59,Active
7297606,Andre,Szmyt,Andre Szmyt,8,Cleveland Browns,CLE,AFC,NORTH,Place kicker,25,Active
282045,Andre',Sam,Andre' Sam,18,Philadelphia Eagles,PHI,NFC,EAST,Safety,31,Active
1072,Andrei,Iosivas,Andrei Iosivas,9,Cincinnati Bengals,CIN,AFC,NORTH,Wide Receiver,80,Active
13874148,Andrew,Armstrong,Andrew Armstrong,14,Kansas City Chiefs,KC,AFC,WEST,Wide Receiver,85,Active
748,Andrew,Beck,Andrew Beck,4,New York Jets,NYJ,AFC,EAST,Fullback,47,Active
1911,Andrew,Billings,Andrew Billings,33,Arizona Cardinals,ARI,NFC,WEST,Defensive Tackle,95,Active
1736,Andrew,DePaola,Andrew DePaola,23,Minnesota Vikings,MIN,NFC,NORTH,Long Snapper,42,Active
2614,Andrew,Farmer II,Andrew Farmer II,30,San Francisco 49ers,SF,NFC,WEST,Defensive End,50,Active
279730,Andrew,Meyer,Andrew Meyer,5,Miami Dolphins,MIA,AFC,EAST,Center,60,Active
13880637,Andrew,Mukuba,Andrew Mukuba,18,Philadelphia Eagles,PHI,NFC,EAST,Safety,24,Active
78980,Andrew,Thomas,Andrew Thomas,20,New York Giants,NYG,NFC,EAST,Offensive Tackle,78,Active
1359,Andrew,Van Ginkel,Andrew Van Ginkel,23,Minnesota Vikings,MIN,NFC,NORTH,Linebacker,43,Active
278530,Andrew,Vorhees,Andrew Vorhees,6,Baltimore Ravens,BAL,AFC,NORTH,Guard,72,Active
2113,Andrew,Wingard,Andrew Wingard,33,Arizona Cardinals,ARI,NFC,WEST,Safety,27,Active
76675,Andrew,Wylie,Andrew Wylie,21,Washington Commanders,WSH,NFC,EAST,Guard,71,Active
13880594,Andy,Borregales,Andy Borregales,1,New England Patriots,NE,AFC,EAST,Place kicker,36,Active
77,Andy,Dalton,Andy Dalton,18,Philadelphia Eagles,PHI,NFC,EAST,Quarterback,14,Active
33934887,Anez,Cooper,Anez Cooper,4,New York Jets,NYJ,AFC,EAST,Guard,72,Active
1545,Anfernee,Jennings,Anfernee Jennings,26,New Orleans Saints,NO,NFC,SOUTH,Linebacker,54,Active
33935493,Anterio,Thompson,Anterio Thompson,27,Atlanta Falcons,ATL,NFC,SOUTH,Defensive Tackle,98,Active
13874878,Anthony,Belton,Anthony Belton,22,Green Bay Packers,GB,NFC,NORTH,Offensive Tackle,71,Active
278454,Anthony,Bradford,Anthony Bradford,31,Seattle Seahawks,SEA,NFC,WEST,Guard,75,Active
13875235,Anthony,Campbell,Anthony Campbell,22,Green Bay Packers,GB,NFC,NORTH,Defensive Tackle,60,Active
856087,Anthony,Goodlow,Anthony Goodlow,29,Carolina Panthers,CAR,NFC,SOUTH,Defensive End,,Active
278416,Anthony,Gould,Anthony Gould,12,Indianapolis Colts,IND,AFC,SOUTH,Wide Receiver,6,Active
33936183,Anthony,Hill Jr.,Anthony Hill Jr.,11,Tennessee Titans,TEN,AFC,SOUTH,Linebacker,53,Active
2742,Anthony,Kendall,Anthony Kendall,3,Buffalo Bills,BUF,AFC,EAST,Cornerback,30,Active
33935356,Anthony,Lucas,Anthony Lucas,25,Detroit Lions,DET,NFC,NORTH,Defensive End,61,Active
1449,Anthony,Nelson,Anthony Nelson,28,Tampa Bay Buccaneers,TB,NFC,SOUTH,Linebacker,98,Active
76,Anthony,Richardson Sr.,Anthony Richardson Sr.,12,Indianapolis Colts,IND,AFC,SOUTH,Quarterback,5,Active
33934565,Anthony,Smith,Anthony Smith,19,Dallas Cowboys,DAL,NFC,EAST,Wide Receiver,83,Active
13874017,Anthony,Tyus III,Anthony Tyus III,29,Carolina Panthers,CAR,NFC,SOUTH,Running Back,34,Active
1362,Antoine,Winfield Jr.,Antoine Winfield Jr.,28,Tampa Bay Buccaneers,TB,NFC,SOUTH,Safety,31,Active
2730,Anton,Harrison,Anton Harrison,13,Jacksonville Jaguars,JAX,AFC,SOUTH,Offensive Tackle,77,Active
1668,Antonio,Johnson,Antonio Johnson,13,Jacksonville Jaguars,JAX,AFC,SOUTH,Safety,6,Active
33934770,Antonio,Williams,Antonio Williams,21,Washington Commanders,WSH,NFC,EAST,Wide Receiver,14,Active
13874646,Antwane,Wells Jr.,Antwane Wells Jr.,27,Atlanta Falcons,ATL,NFC,SOUTH,Wide Receiver,82,Active
1653,Ar'Darius,Washington,Ar'Darius Washington,20,New York Giants,NYG,NFC,EAST,Safety,24,Active
33934927,Ar'maj,Reed-Adams,Ar'maj Reed-Adams,3,Buffalo Bills,BUF,AFC,EAST,Guard,60,Active
1360,Arden,Key,Arden Key,12,Indianapolis Colts,IND,AFC,SOUTH,Defensive End,98,Active
13874584,Arian,Smith,Arian Smith,4,New York Jets,NYJ,AFC,EAST,Wide Receiver,82,Active
1377,Arik,Armstead,Arik Armstead,13,Jacksonville Jaguars,JAX,AFC,SOUTH,Defensive Tackle,91,Active
13875053,Armand,Membou,Armand Membou,4,New York Jets,NYJ,AFC,EAST,Offensive Tackle,70,Active
1363,Arnold,Ebiketie,Arnold Ebiketie,18,Philadelphia Eagles,PHI,NFC,EAST,Linebacker,17,Active
83752,Arron,Mosby,Arron Mosby,22,Green Bay Packers,GB,NFC,NORTH,Defensive End,53,Active
33935789,Arvell,Reese,Arvell Reese,20,New York Giants,NYG,NFC,EAST,Linebacker,52,Active
2559,Asante,Samuel Jr.,Asante Samuel Jr.,7,Pittsburgh Steelers,PIT,AFC,NORTH,Cornerback,22,Active
72527,Ashton,Dulin,Ashton Dulin,12,Indianapolis Colts,IND,AFC,SOUTH,Wide Receiver,16,Active
13875374,Ashton,Gillotte,Ashton Gillotte,14,Kansas City Chiefs,KC,AFC,WEST,Defensive End,97,Active
13873873,Ashton,Jeanty,Ashton Jeanty,16,Las Vegas Raiders,LV,AFC,WEST,Running Back,2,Active
749,Ashtyn,Davis,Ashtyn Davis,30,San Francisco 49ers,SF,NFC,WEST,Safety,29,Active
280357,Asim,Richards,Asim Richards,26,New Orleans Saints,NO,NFC,SOUTH,Offensive Tackle,72,Active
33934117,Athan,Kaliakmanis,Athan Kaliakmanis,21,Washington Commanders,WSH,NFC,EAST,Quarterback,16,Active
279282,Atonio,Mafi,Atonio Mafi,16,Las Vegas Raiders,LV,AFC,WEST,Guard,56,Active
277739,Audric,Estime,Audric Estime,26,New Orleans Saints,NO,NFC,SOUTH,Running Back,30,Active
540687,Austen,Pleasants,Austen Pleasants,30,San Francisco 49ers,SF,NFC,WEST,Offensive Tackle,62,Active
365938,Austin,Ajiake,Austin Ajiake,12,Indianapolis Colts,IND,AFC,SOUTH,Linebacker,58,Active
33935104,Austin,Barber,Austin Barber,8,Cleveland Browns,CLE,AFC,NORTH,Offensive Tackle,58,Active
33938477,Austin,Blaske,Austin Blaske,32,Los Angeles Rams,LAR,NFC,WEST,Offensive Tackle,64,Active
280616,Austin,Booker,Austin Booker,24,Chicago Bears,CHI,NFC,NORTH,Defensive End,94,Active
13880692,Austin,Brinkman,Austin Brinkman,10,Houston Texans,HOU,AFC,SOUTH,Long Snapper,40,Active
76784,Austin,Corbett,Austin Corbett,3,Buffalo Bills,BUF,AFC,EAST,Center,63,Active
976,Austin,Hooper,Austin Hooper,27,Atlanta Falcons,ATL,NFC,SOUTH,Tight End,81,Active
80505,Austin,Jackson,Austin Jackson,5,Miami Dolphins,MIA,AFC,EAST,Offensive Tackle,73,Active
13880682,Austin,McNamara,Austin McNamara,4,New York Jets,NYJ,AFC,EAST,Punter,14,Active
281789,Austin,Schlottmann,Austin Schlottmann,11,Tennessee Titans,TEN,AFC,SOUTH,Center,51,Active
1178,Austin,Trammell,Austin Trammell,13,Jacksonville Jaguars,JAX,AFC,SOUTH,Wide Receiver,81,Active
33936650,Avery,Smith,Avery Smith,31,Seattle Seahawks,SEA,NFC,WEST,Cornerback,3,Active
33936257,Avieon,Terrell,Avieon Terrell,27,Atlanta Falcons,ATL,NFC,SOUTH,Cornerback,12,Active
1999,Avonte,Maddox,Avonte Maddox,25,Detroit Lions,DET,NFC,NORTH,Cornerback,29,Active
33939893,Ayden,Garnes,Ayden Garnes,28,Tampa Bay Buccaneers,TB,NFC,SOUTH,Cornerback,24,Active
13879026,Azareye'h,Thomas,Azareye'h Thomas,4,New York Jets,NYJ,AFC,EAST,Cornerback,1,Active
1513,Azeez,Al-Shaair,Azeez Al-Shaair,10,Houston Texans,HOU,AFC,SOUTH,Linebacker,0,Active
1484,Azeez,Ojulari,Azeez Ojulari,16,Las Vegas Raiders,LV,AFC,WEST,Linebacker,,Active
13875309,B.J.,Green II,B.J. Green II,13,Jacksonville Jaguars,JAX,AFC,SOUTH,Defensive End,95,Active
1396,B.J.,Hill,B.J. Hill,9,Cincinnati Bengals,CIN,AFC,NORTH,Defensive Tackle,92,Active
74,Bailey,Zappe,Bailey Zappe,4,New York Jets,NYJ,AFC,EAST,Quarterback,11,Active
52,Baker,Mayfield,Baker Mayfield,28,Tampa Bay Buccaneers,TB,NFC,SOUTH,Quarterback,6,Active
697,Bam,Knight,Bam Knight,33,Arizona Cardinals,ARI,NFC,WEST,Running Back,20,Active
13878114,Bam,Martin-Scott,Bam Martin-Scott,29,Carolina Panthers,CAR,NFC,SOUTH,Linebacker,54,Active
33939165,Bangally,Kamara,Bangally Kamara,23,Minnesota Vikings,MIN,NFC,NORTH,Linebacker,59,Active
33934463,Barion,Brown,Barion Brown,26,New Orleans Saints,NO,NFC,SOUTH,Wide Receiver,19,Active
1401,Baron,Browning,Baron Browning,33,Arizona Cardinals,ARI,NFC,WEST,Linebacker,5,Active
13878068,Barrett,Carter,Barrett Carter,9,Cincinnati Bengals,CIN,AFC,NORTH,Linebacker,49,Active
13875270,Barryn,Sorrell,Barryn Sorrell,22,Green Bay Packers,GB,NFC,NORTH,Defensive End,99,Active
33934857,Bauer,Sharp,Bauer Sharp,28,Tampa Bay Buccaneers,TB,NFC,SOUTH,Tight End,84,Active
277994,Beanie,Bishop Jr.,Beanie Bishop Jr.,24,Chicago Bears,CHI,NFC,NORTH,Cornerback,25,Active
33936696,Beau,Gardner,Beau Gardner,24,Chicago Bears,CHI,NFC,NORTH,Long Snapper,45,Active
33935070,Beau,Stephens,Beau Stephens,31,Seattle Seahawks,SEA,NFC,WEST,Guard,60,Active
13874324,Beaux,Collins,Beaux Collins,27,Atlanta Falcons,ATL,NFC,SOUTH,Wide Receiver,88,Active
280123,Beaux,Limmer,Beaux Limmer,32,Los Angeles Rams,LAR,NFC,WEST,Center,50,Active
33934016,Behren,Morton,Behren Morton,1,New England Patriots,NE,AFC,EAST,Quarterback,15,Active
2715,Ben,Bartch,Ben Bartch,25,Detroit Lions,DET,NFC,NORTH,Guard,78,Active
1277,Ben,Bredeson,Ben Bredeson,28,Tampa Bay Buccaneers,TB,NFC,SOUTH,Guard,68,Active
279504,Ben,Brown,Ben Brown,1,New England Patriots,NE,AFC,EAST,Center,77,Active
33936553,Ben,Mann,Ben Mann,20,New York Giants,NYG,NFC,EAST,Long Snapper,58,Active
2223,Ben,Powers,Ben Powers,15,Denver Broncos,DEN,AFC,WEST,Guard,74,Active
13874741,Ben,Scott,Ben Scott,28,Tampa Bay Buccaneers,TB,NFC,SOUTH,Guard,66,Active
1197,Ben,Sims,Ben Sims,5,Miami Dolphins,MIA,AFC,EAST,Tight End,89,Active
280079,Ben,Sinnott,Ben Sinnott,21,Washington Commanders,WSH,NFC,EAST,Tight End,82,Active
716,Ben,Skowronek,Ben Skowronek,7,Pittsburgh Steelers,PIT,AFC,NORTH,Wide Receiver,15,Active
1611,Ben,Stille,Ben Stille,25,Detroit Lions,DET,NFC,NORTH,Defensive Tackle,72,Active
2580,Ben,VanSumeren,Ben VanSumeren,14,Kansas City Chiefs,KC,AFC,WEST,Fullback,,Active
13874724,Ben,Yurosek,Ben Yurosek,23,Minnesota Vikings,MIN,NFC,NORTH,Tight End,85,Active
13874745,Benjamin,Chukwuma,Benjamin Chukwuma,28,Tampa Bay Buccaneers,TB,NFC,SOUTH,Offensive Tackle,70,Active
13878736,Benjamin,Morrison,Benjamin Morrison,28,Tampa Bay Buccaneers,TB,NFC,SOUTH,Cornerback,21,Active
1640,Benjamin,St-Juste,Benjamin St-Juste,22,Green Bay Packers,GB,NFC,NORTH,Cornerback,21,Active
279242,Bernhard,Raimann,Bernhard Raimann,12,Indianapolis Colts,IND,AFC,SOUTH,Offensive Tackle,79,Active
13874014,Bhayshul,Tuten,Bhayshul Tuten,13,Jacksonville Jaguars,JAX,AFC,SOUTH,Running Back,33,Active
475,Bijan,Robinson,Bijan Robinson,27,Atlanta Falcons,ATL,NFC,SOUTH,Running Back,7,Active
13878403,Bilhal,Kone,Bilhal Kone,6,Baltimore Ravens,BAL,AFC,NORTH,Cornerback,31,Active
280445,Bill,Murray,Bill Murray,32,Los Angeles Rams,LAR,NFC,WEST,Guard,66,Active
13878037,Bill,Norton,Bill Norton,32,Los Angeles Rams,LAR,NFC,WEST,Defensive Tackle,93,Active
13879041,Billy,Bowman Jr.,Billy Bowman Jr.,27,Atlanta Falcons,ATL,NFC,SOUTH,Cornerback,33,Active
33935059,Billy,Schrauth,Billy Schrauth,28,Tampa Bay Buccaneers,TB,NFC,SOUTH,Guard,75,Active
33936641,Bishop,Fitzgerald,Bishop Fitzgerald,7,Pittsburgh Steelers,PIT,AFC,NORTH,Safety,38,Active
280355,Blake,Brandel,Blake Brandel,23,Minnesota Vikings,MIN,NFC,NORTH,Center,64,Active
1506,Blake,Cashman,Blake Cashman,23,Minnesota Vikings,MIN,NFC,NORTH,Linebacker,51,Active
278240,Blake,Corum,Blake Corum,32,Los Angeles Rams,LAR,NFC,WEST,Running Back,24,Active
279103,Blake,Fisher,Blake Fisher,10,Houston Texans,HOU,AFC,SOUTH,Offensive Tackle,57,Active
279240,Blake,Freeland,Blake Freeland,9,Cincinnati Bengals,CIN,AFC,NORTH,Offensive Tackle,,Active
711,Blake,Gillikin,Blake Gillikin,33,Arizona Cardinals,ARI,NFC,WEST,Punter,12,Active
7543,Blake,Grupe,Blake Grupe,4,New York Jets,NYJ,AFC,EAST,Place kicker,,Active
279214,Blake,Hance,Blake Hance,32,Los Angeles Rams,LAR,NFC,WEST,Guard,72,Active
33935147,Blake,Miller,Blake Miller,25,Detroit Lions,DET,NFC,NORTH,Offensive Tackle,76,Active
278594,Blake,Whiteheart,Blake Whiteheart,8,Cleveland Browns,CLE,AFC,NORTH,Tight End,86,Active
675,Bo,Melton,Bo Melton,22,Green Bay Packers,GB,NFC,NORTH,Wide Receiver,16,Active
277730,Bo,Nix,Bo Nix,15,Denver Broncos,DEN,AFC,WEST,Quarterback,10,Active
281876,Bo,Richter,Bo Richter,23,Minnesota Vikings,MIN,NFC,NORTH,Linebacker,98,Active
1706,Bobby,Brown III,Bobby Brown III,29,Carolina Panthers,CAR,NFC,SOUTH,Defensive Tackle,97,Active
61264,Bobby,Hart,Bobby Hart,31,Seattle Seahawks,SEA,NFC,WEST,Offensive Tackle,68,Active
33935347,Bobby,Jamison-Travis,Bobby Jamison-Travis,20,New York Giants,NYG,NFC,EAST,Defensive Tackle,97,Active
1474,Bobby,Okereke,Bobby Okereke,29,Carolina Panthers,CAR,NFC,SOUTH,Linebacker,,Active
1322,Boye,Mafe,Boye Mafe,9,Cincinnati Bengals,CIN,AFC,NORTH,Defensive End,53,Active
278231,Braden,Fiske,Braden Fiske,32,Los Angeles Rams,LAR,NFC,WEST,Defensive End,55,Active
7,Braden,Mann,Braden Mann,18,Philadelphia Eagles,PHI,NFC,EAST,Punter,10,Active
70748,Braden,Smith,Braden Smith,10,Houston Texans,HOU,AFC,SOUTH,Offensive Tackle,71,Active
1307,Bradley,Chubb,Bradley Chubb,3,Buffalo Bills,BUF,AFC,EAST,Linebacker,9,Active
7613,Bradley,Pinion,Bradley Pinion,5,Miami Dolphins,MIA,AFC,EAST,Punter,48,Active
80481,Brady,Christensen,Brady Christensen,29,Carolina Panthers,CAR,NFC,SOUTH,Guard,70,Active
13873821,Brady,Cook,Brady Cook,5,Miami Dolphins,MIA,AFC,EAST,Quarterback,,Active
2389,Brady,Russell,Brady Russell,31,Seattle Seahawks,SEA,NFC,WEST,Fullback,38,Active
13878369,Bradyn,Swinson,Bradyn Swinson,7,Pittsburgh Steelers,PIT,AFC,NORTH,Linebacker,,Active
279851,Braelon,Allen,Braelon Allen,4,New York Jets,NYJ,AFC,EAST,Running Back,0,Active
280670,Braiden,McGregor,Braiden McGregor,4,New York Jets,NYJ,AFC,EAST,Defensive End,55,Active
281383,Bralen,Trice,Bralen Trice,27,Atlanta Falcons,ATL,NFC,SOUTH,Linebacker,48,Active
13878422,Bralyn,Lux,Bralyn Lux,9,Cincinnati Bengals,CIN,AFC,NORTH,Cornerback,21,Active
1204,Brandin,Echols,Brandin Echols,7,Pittsburgh Steelers,PIT,AFC,NORTH,Cornerback,26,Active
813,Brandon,Aiyuk,Brandon Aiyuk,30,San Francisco 49ers,SF,NFC,WEST,Wide Receiver,11,Active
7529,Brandon,Aubrey,Brandon Aubrey,19,Dallas Cowboys,DAL,NFC,EAST,Place kicker,17,Active
33935956,Brandon,Cisse,Brandon Cisse,22,Green Bay Packers,GB,NFC,NORTH,Cornerback,2,Active
33935712,Brandon,Cleveland,Brandon Cleveland,16,Las Vegas Raiders,LV,AFC,WEST,Defensive Tackle,90,Active
277566,Brandon,Codrington,Brandon Codrington,30,San Francisco 49ers,SF,NFC,WEST,Cornerback,,Active
280297,Brandon,Coleman,Brandon Coleman,21,Washington Commanders,WSH,NFC,EAST,Guard,74,Active
13874778,Brandon,Crenshaw-Dickson,Brandon Crenshaw-Dickson,11,Tennessee Titans,TEN,AFC,SOUTH,Offensive Tackle,78,Active
280567,Brandon,Dorlus,Brandon Dorlus,27,Atlanta Falcons,ATL,NFC,SOUTH,Defensive Tackle,54,Active
957,Brandon,Johnson,Brandon Johnson,7,Pittsburgh Steelers,PIT,AFC,NORTH,Wide Receiver,,Active
2234,Brandon,Jones,Brandon Jones,15,Denver Broncos,DEN,AFC,WEST,Safety,22,Active
2457,Brandon,Pili,Brandon Pili,31,Seattle Seahawks,SEA,NFC,WEST,Defensive Tackle,95,Active
281956,Brandon,Smith,Brandon Smith,7,Pittsburgh Steelers,PIT,AFC,NORTH,Wide Receiver,87,Active
2191,Brandon,Stephens,Brandon Stephens,4,New York Jets,NYJ,AFC,EAST,Cornerback,21,Active
13878263,Branson,Combs,Branson Combs,13,Jacksonville Jaguars,JAX,AFC,SOUTH,Linebacker,50,Active
13875125,Branson,Taylor,Branson Taylor,17,Los Angeles Chargers,LAC,AFC,WEST,Guard,71,Active
13874861,Brant,Banks,Brant Banks,4,New York Jets,NYJ,AFC,EAST,Offensive Tackle,,Active
13874030,Brashard,Smith,Brashard Smith,14,Kansas City Chiefs,KC,AFC,WEST,Running Back,24,Active
703,Braxton,Berrios,Braxton Berrios,20,New York Giants,NYG,NFC,EAST,Wide Receiver,87,Active
83790,Braxton,Jones,Braxton Jones,24,Chicago Bears,CHI,NFC,NORTH,Offensive Tackle,70,Active
473,Breece,Hall,Breece Hall,4,New York Jets,NYJ,AFC,EAST,Running Back,20,Active
2279,Brenden,Schooler,Brenden Schooler,1,New England Patriots,NE,AFC,EAST,Safety,41,Active
33934684,Brenen,Thompson,Brenen Thompson,17,Los Angeles Chargers,LAC,AFC,WEST,Wide Receiver,89,Active
280779,Brennan,Jackson,Brennan Jackson,16,Las Vegas Raiders,LV,AFC,WEST,Linebacker,54,Active
13874341,Brennan,Presley,Brennan Presley,32,Los Angeles Rams,LAR,NFC,WEST,Wide Receiver,81,Active
33936134,Brent,Austin,Brent Austin,15,Denver Broncos,DEN,AFC,WEST,Cornerback,25,Active
280580,Brenton,Cox Jr.,Brenton Cox Jr.,22,Green Bay Packers,GB,NFC,NORTH,Defensive End,57,Active
1165,Brenton,Strange,Brenton Strange,13,Jacksonville Jaguars,JAX,AFC,SOUTH,Tight End,85,Active
33936310,Brett,Thorson,Brett Thorson,23,Minnesota Vikings,MIN,NFC,NORTH,Punter,47,Active
282040,Brett,Toth,Brett Toth,30,San Francisco 49ers,SF,NFC,WEST,Center,78,Active
988,Brevin,Jordan,Brevin Jordan,10,Houston Texans,HOU,AFC,SOUTH,Tight End,9,Active
280141,Brevyn,Spann-Ford,Brevyn Spann-Ford,19,Dallas Cowboys,DAL,NFC,EAST,Tight End,89,Active
1677,Brian,Branch,Brian Branch,25,Detroit Lions,DET,NFC,NORTH,Safety,32,Active
1331,Brian,Burns,Brian Burns,20,New York Giants,NYG,NFC,EAST,Linebacker,0,Active
76888,Brian,O'Neill,Brian O'Neill,23,Minnesota Vikings,MIN,NFC,NORTH,Offensive Tackle,75,Active
33934867,Brian,Parker II,Brian Parker II,9,Cincinnati Bengals,CIN,AFC,NORTH,Offensive Tackle,62,Active
491,Brian,Robinson Jr.,Brian Robinson Jr.,27,Atlanta Falcons,ATL,NFC,SOUTH,Running Back,15,Active
278370,Brian,Thomas Jr.,Brian Thomas Jr.,13,Jacksonville Jaguars,JAX,AFC,SOUTH,Wide Receiver,7,Active
1149,Britain,Covey,Britain Covey,18,Philadelphia Eagles,PHI,NFC,EAST,Wide Receiver,18,Active
278411,British,Brooks,British Brooks,10,Houston Texans,HOU,AFC,SOUTH,Running Back,44,Active
366304,Brittain,Brown,Brittain Brown,24,Chicago Bears,CHI,NFC,NORTH,Running Back,38,Active
277679,Brock,Bowers,Brock Bowers,16,Las Vegas Raiders,LV,AFC,WEST,Tight End,89,Active
280266,Brock,Hoffman,Brock Hoffman,7,Pittsburgh Steelers,PIT,AFC,NORTH,Center,67,Active
13874105,Brock,Lampe,Brock Lampe,31,Seattle Seahawks,SEA,NFC,WEST,Fullback,46,Active
27,Brock,Purdy,Brock Purdy,30,San Francisco 49ers,SF,NFC,WEST,Quarterback,13,Active
33937939,Brock,Rechsteiner,Brock Rechsteiner,26,New Orleans Saints,NO,NFC,SOUTH,Wide Receiver,89,Active
1088,Brock,Wright,Brock Wright,25,Detroit Lions,DET,NFC,NORTH,Tight End,89,Active
2660,Broderick,Jones,Broderick Jones,19,Dallas Cowboys,DAL,NFC,EAST,Offensive Tackle,88,Active
1510,Broderick,Washington Jr.,Broderick Washington Jr.,6,Baltimore Ravens,BAL,AFC,NORTH,Defensive Tackle,96,Active
35940462,Bruno,Labelle,Bruno Labelle,33,Arizona Cardinals,ARI,NFC,WEST,Tight End,35,Active
1730,Bryan,Anger,Bryan Anger,19,Dallas Cowboys,DAL,NFC,EAST,Punter,5,Active
1404,Bryan,Bresee,Bryan Bresee,26,New Orleans Saints,NO,NFC,SOUTH,Defensive Tackle,90,Active
2413,Bryan,Cook,Bryan Cook,9,Cincinnati Bengals,CIN,AFC,NORTH,Safety,6,Active
281979,Bryan,Hudson,Bryan Hudson,20,New York Giants,NYG,NFC,EAST,Center,60,Active
33935591,Bryan,Thomas Jr.,Bryan Thomas Jr.,13,Jacksonville Jaguars,JAX,AFC,SOUTH,Defensive End,57,Active
2314,Bryce,Baringer,Bryce Baringer,1,New England Patriots,NE,AFC,EAST,Punter,17,Active
33935992,Bryce,Boettcher,Bryce Boettcher,12,Indianapolis Colts,IND,AFC,SOUTH,Linebacker,50,Active
13874601,Bryce,Cabeldue,Bryce Cabeldue,31,Seattle Seahawks,SEA,NFC,WEST,Guard,77,Active
2222,Bryce,Hall,Bryce Hall,10,Houston Texans,HOU,AFC,SOUTH,Cornerback,34,Active
33934514,Bryce,Lance,Bryce Lance,26,New Orleans Saints,NO,NFC,SOUTH,Wide Receiver,18,Active
279350,Bryce,Oliver,Bryce Oliver,8,Cleveland Browns,CLE,AFC,NORTH,Wide Receiver,,Active
33939454,Bryce,Phillips,Bryce Phillips,23,Minnesota Vikings,MIN,NFC,NORTH,Cornerback,40,Active
35951806,Bryce,Williams,Bryce Williams,33,Arizona Cardinals,ARI,NFC,WEST,Tight End,80,Active
75,Bryce,Young,Bryce Young,29,Carolina Panthers,CAR,NFC,SOUTH,Quarterback,9,Active
281719,Brycen,Tremayne,Brycen Tremayne,29,Carolina Panthers,CAR,NFC,SOUTH,Wide Receiver,87,Active
33935867,Bryson,Eason,Bryson Eason,14,Kansas City Chiefs,KC,AFC,WEST,Defensive Tackle,,Active
35940801,Bryson,Young,Bryson Young,33,Arizona Cardinals,ARI,NFC,WEST,Linebacker,56,Active
278135,Bucky,Irving,Bucky Irving,28,Tampa Bay Buccaneers,TB,NFC,SOUTH,Running Back,7,Active
33936498,Bud,Clark,Bud Clark,31,Seattle Seahawks,SEA,NFC,WEST,Safety,9,Active
1349,Bud,Dupree,Bud Dupree,17,Los Angeles Chargers,LAC,AFC,WEST,Linebacker,48,Active
2014,Budda,Baker,Budda Baker,33,Arizona Cardinals,ARI,NFC,WEST,Safety,3,Active
2334,Buddy,Johnson,Buddy Johnson,24,Chicago Bears,CHI,NFC,NORTH,Linebacker,,Active
73953,Byron,Cowart,Byron Cowart,21,Washington Commanders,WSH,NFC,EAST,Defensive Tackle,55,Active
277740,Byron,Murphy II,Byron Murphy II,31,Seattle Seahawks,SEA,NFC,WEST,Defensive Tackle,91,Active
2231,Byron,Murphy Jr.,Byron Murphy Jr.,23,Minnesota Vikings,MIN,NFC,NORTH,Cornerback,7,Active
1336,Byron,Young,Byron Young,32,Los Angeles Rams,LAR,NFC,WEST,Linebacker,0,Active
2688,Byron,Young,Byron Young,18,Philadelphia Eagles,PHI,NFC,EAST,Defensive Tackle,94,Active
2162,C.J.,Gardner-Johnson,C.J. Gardner-Johnson,3,Buffalo Bills,BUF,AFC,EAST,Safety,22,Active
1631,C.J.,Henderson,C.J. Henderson,27,Atlanta Falcons,ATL,NFC,SOUTH,Cornerback,26,Active
57,C.J.,Stroud,C.J. Stroud,10,Houston Texans,HOU,AFC,SOUTH,Quarterback,7,Active
13878166,C.J.,West,C.J. West,30,San Francisco 49ers,SF,NFC,WEST,Defensive Tackle,99,Active
33933996,Cade,Klubnik,Cade Klubnik,4,New York Jets,NYJ,AFC,EAST,Quarterback,10,Active
2528,Cade,Mays,Cade Mays,25,Detroit Lions,DET,NFC,NORTH,Center,64,Active
903,Cade,Otton,Cade Otton,28,Tampa Bay Buccaneers,TB,NFC,SOUTH,Tight End,88,Active
279096,Cade,Stover,Cade Stover,10,Houston Texans,HOU,AFC,SOUTH,Tight End,8,Active
33934920,Caden,Barnett,Caden Barnett,24,Chicago Bears,CHI,NFC,NORTH,Guard,76,Active
33936079,Caden,Curry,Caden Curry,12,Indianapolis Colts,IND,AFC,SOUTH,Linebacker,55,Active
280536,Caedan,Wallace,Caedan Wallace,5,Miami Dolphins,MIA,AFC,EAST,Offensive Tackle,75,Active
278068,Caelen,Carson,Caelen Carson,19,Dallas Cowboys,DAL,NFC,EAST,Cornerback,21,Active
7508,Cairo,Santos,Cairo Santos,24,Chicago Bears,CHI,NFC,NORTH,Place kicker,8,Active
1347,Calais,Campbell,Calais Campbell,6,Baltimore Ravens,BAL,AFC,NORTH,Defensive End,93,Active
33935148,Caleb,Banks,Caleb Banks,23,Minnesota Vikings,MIN,NFC,NORTH,Defensive Tackle,95,Active
33934412,Caleb,Douglas,Caleb Douglas,5,Miami Dolphins,MIA,AFC,EAST,Wide Receiver,7,Active
33936395,Caleb,Downs,Caleb Downs,19,Dallas Cowboys,DAL,NFC,EAST,Safety,13,Active
13874502,Caleb,Lohner,Caleb Lohner,15,Denver Broncos,DEN,AFC,WEST,Tight End,84,Active
33935240,Caleb,Lomu,Caleb Lomu,1,New England Patriots,NE,AFC,EAST,Offensive Tackle,74,Active
2738,Caleb,Murphy,Caleb Murphy,17,Los Angeles Chargers,LAC,AFC,WEST,Linebacker,,Active
13878671,Caleb,Ransaw,Caleb Ransaw,13,Jacksonville Jaguars,JAX,AFC,SOUTH,Safety,27,Active
13875214,Caleb,Rogers,Caleb Rogers,16,Las Vegas Raiders,LV,AFC,WEST,Guard,76,Active
33935022,Caleb,Tiernan,Caleb Tiernan,23,Minnesota Vikings,MIN,NFC,NORTH,Offensive Tackle,78,Active
277867,Caleb,Williams,Caleb Williams,24,Chicago Bears,CHI,NFC,NORTH,Quarterback,18,Active
278417,Calen,Bullock,Calen Bullock,10,Houston Texans,HOU,AFC,SOUTH,Safety,2,Active
1418,Calijah,Kancey,Calijah Kancey,28,Tampa Bay Buccaneers,TB,NFC,SOUTH,Defensive Tackle,94,Active
611,Calvin,Austin III,Calvin Austin III,20,New York Giants,NYG,NFC,EAST,Wide Receiver,82,Active
665,Calvin,Ridley,Calvin Ridley,11,Tennessee Titans,TEN,AFC,SOUTH,Wide Receiver,0,Active
83397,Calvin,Throckmorton,Calvin Throckmorton,15,Denver Broncos,DEN,AFC,WEST,Guard,76,Active
1690,Cam,Bynum,Cam Bynum,12,Indianapolis Colts,IND,AFC,SOUTH,Safety,0,Active
1610,Cam,Gill,Cam Gill,29,Carolina Panthers,CAR,NFC,SOUTH,Linebacker,49,Active
366001,Cam,Grandy,Cam Grandy,23,Minnesota Vikings,MIN,NFC,NORTH,Tight End,,Active
279616,Cam,Hart,Cam Hart,17,Los Angeles Chargers,LAC,AFC,WEST,Cornerback,20,Active
13875162,Cam,Horsley,Cam Horsley,33,Arizona Cardinals,ARI,NFC,WEST,Defensive Tackle,93,Active
13875376,Cam,Jackson,Cam Jackson,29,Carolina Panthers,CAR,NFC,SOUTH,Defensive Tackle,99,Active
2573,Cam,Jones,Cam Jones,14,Kansas City Chiefs,KC,AFC,WEST,Linebacker,45,Active
2502,Cam,Jurgens,Cam Jurgens,18,Philadelphia Eagles,PHI,NFC,EAST,Center,51,Active
281050,Cam,Lampkin,Cam Lampkin,32,Los Angeles Rams,LAR,NFC,WEST,Cornerback,21,Active
2095,Cam,Lewis,Cam Lewis,24,Chicago Bears,CHI,NFC,NORTH,Cornerback,21,Active
278371,Cam,Little,Cam Little,13,Jacksonville Jaguars,JAX,AFC,SOUTH,Place kicker,39,Active
13874196,Cam,Skattebo,Cam Skattebo,20,New York Giants,NYG,NFC,EAST,Running Back,44,Active
2503,Cam,Taylor-Britt,Cam Taylor-Britt,12,Indianapolis Colts,IND,AFC,SOUTH,Cornerback,26,Active
13873931,Cam,Ward,Cam Ward,11,Tennessee Titans,TEN,AFC,SOUTH,Quarterback,1,Active
13878784,Cam'Ron,Silmon-Craig,Cam'Ron Silmon-Craig,13,Jacksonville Jaguars,JAX,AFC,SOUTH,Safety,42,Active
33934279,Camden,Brown,Camden Brown,19,Dallas Cowboys,DAL,NFC,EAST,Wide Receiver,6,Active
33935663,Cameron,Ball,Cameron Ball,12,Indianapolis Colts,IND,AFC,SOUTH,Defensive Tackle,64,Active
2536,Cameron,Dicker,Cameron Dicker,17,Los Angeles Chargers,LAC,AFC,WEST,Place kicker,11,Active
33938034,Cameron,Dorner,Cameron Dorner,1,New England Patriots,NE,AFC,EAST,Wide Receiver,88,Active
1490,Cameron,Heyward,Cameron Heyward,7,Pittsburgh Steelers,PIT,AFC,NORTH,Defensive Tackle,97,Active
806,Cameron,Johnston,Cameron Johnston,7,Pittsburgh Steelers,PIT,AFC,NORTH,Punter,19,Active
1489,Cameron,Jordan,Cameron Jordan,26,New Orleans Saints,NO,NFC,SOUTH,Defensive End,94,Active
278648,Cameron,Latu,Cameron Latu,1,New England Patriots,NE,AFC,EAST,Tight End,,Active
2582,Cameron,McGrone,Cameron McGrone,16,Las Vegas Raiders,LV,AFC,WEST,Linebacker,57,Active
1671,Cameron,Mitchell,Cameron Mitchell,12,Indianapolis Colts,IND,AFC,SOUTH,Cornerback,43,Active
33935653,Cameron,Robertson,Cameron Robertson,33,Arizona Cardinals,ARI,NFC,WEST,Linebacker,49,Active
2520,Cameron,Thomas,Cameron Thomas,27,Atlanta Falcons,ATL,NFC,SOUTH,Defensive End,99,Active
13875391,Cameron,Williams,Cameron Williams,27,Atlanta Falcons,ATL,NFC,SOUTH,Offensive Lineman,,Active
13880560,Car'lin,Vigers,Car'lin Vigers,7,Pittsburgh Steelers,PIT,AFC,NORTH,Cornerback,,Active
1324,Carl,Granderson,Carl Granderson,26,New Orleans Saints,NO,NFC,SOUTH,Defensive End,96,Active
366156,Carl,Jones,Carl Jones,6,Baltimore Ravens,BAL,AFC,NORTH,Linebacker,48,Active
33935345,Carlos,Allen Jr.,Carlos Allen Jr.,27,Atlanta Falcons,ATL,NFC,SOUTH,Defensive Tackle,79,Active
366078,Carlos,Washington Jr.,Carlos Washington Jr.,5,Miami Dolphins,MIA,AFC,EAST,Running Back,37,Active
2099,Carlton,Davis III,Carlton Davis III,1,New England Patriots,NE,AFC,EAST,Cornerback,7,Active
33934712,Carnell,Tate,Carnell Tate,11,Tennessee Titans,TEN,AFC,SOUTH,Wide Receiver,14,Active
2684,Carrington,Valentine,Carrington Valentine,22,Green Bay Packers,GB,NFC,NORTH,Cornerback,24,Active
33934846,Carsen,Ryan,Carsen Ryan,8,Cleveland Browns,CLE,AFC,NORTH,Tight End,48,Active
33934043,Carson,Beck,Carson Beck,33,Arizona Cardinals,ARI,NFC,WEST,Quarterback,19,Active
13878526,Carson,Bruener,Carson Bruener,7,Pittsburgh Steelers,PIT,AFC,NORTH,Linebacker,44,Active
13878538,Carson,Schwesinger,Carson Schwesinger,8,Cleveland Browns,CLE,AFC,NORTH,Linebacker,49,Active
88097,Carson,Steele,Carson Steele,18,Philadelphia Eagles,PHI,NFC,EAST,Running Back,34,Active
33920673,Carson,Towt,Carson Towt,12,Indianapolis Colts,IND,AFC,SOUTH,Tight End,45,Active
13875164,Carson,Vinson,Carson Vinson,6,Baltimore Ravens,BAL,AFC,NORTH,Offensive Tackle,76,Active
23,Carson,Wentz,Carson Wentz,23,Minnesota Vikings,MIN,NFC,NORTH,Quarterback,11,Active
279496,Carter,Bradley,Carter Bradley,13,Jacksonville Jaguars,JAX,AFC,SOUTH,Quarterback,10,Active
13874675,Carter,Runyon,Carter Runyon,16,Las Vegas Raiders,LV,AFC,WEST,Tight End,84,Active
33935452,Carver,Willis,Carver Willis,30,San Francisco 49ers,SF,NFC,WEST,Offensive Tackle,74,Active
55,Case,Keenum,Case Keenum,24,Chicago Bears,CHI,NFC,NORTH,Quarterback,11,Active
1769,Casey,Kreiter,Casey Kreiter,33,Arizona Cardinals,ARI,NFC,WEST,Long Snapper,59,Active
280083,Casey,Washington,Casey Washington,29,Carolina Panthers,CAR,NFC,SOUTH,Wide Receiver,88,Active
33934215,Cash,Jones,Cash Jones,27,Atlanta Falcons,ATL,NFC,SOUTH,Running Back,32,Active
33935935,Cashius,Howell,Cashius Howell,9,Cincinnati Bengals,CIN,AFC,NORTH,Defensive End,55,Active
33934360,Caullin,Lacy,Caullin Lacy,4,New York Jets,NYJ,AFC,EAST,Wide Receiver,35,Active
279344,Cedric,Gray,Cedric Gray,11,Tennessee Titans,TEN,AFC,SOUTH,Linebacker,33,Active
279042,Cedric,Johnson,Cedric Johnson,9,Cincinnati Bengals,CIN,AFC,NORTH,Defensive End,52,Active
722,Cedric,Tillman,Cedric Tillman,26,New Orleans Saints,NO,NFC,SOUTH,Wide Receiver,,Active
575,CeeDee,Lamb,CeeDee Lamb,19,Dallas Cowboys,DAL,NFC,EAST,Wide Receiver,88,Active
83799,Cesar,Ruiz,Cesar Ruiz,26,New Orleans Saints,NO,NFC,SOUTH,Guard,51,Active
7547,Chad,Ryland,Chad Ryland,33,Arizona Cardinals,ARI,NFC,WEST,Place kicker,38,Active
2533,Chamarri,Conner,Chamarri Conner,14,Kansas City Chiefs,KC,AFC,WEST,Safety,27,Active
2578,Chance,Campbell,Chance Campbell,18,Philadelphia Eagles,PHI,NFC,EAST,Linebacker,59,Active
13878005,Chandler,Martin,Chandler Martin,20,New York Giants,NYG,NFC,EAST,Linebacker,55,Active
33936160,Chandler,Rivers,Chandler Rivers,6,Baltimore Ravens,BAL,AFC,NORTH,Cornerback,29,Active
280325,Chandler,Zavala,Chandler Zavala,29,Carolina Panthers,CAR,NFC,SOUTH,Guard,62,Active
33936082,Channing,Canada,Channing Canada,1,New England Patriots,NE,AFC,EAST,Cornerback,29,Active
244917,Charles,Cross,Charles Cross,31,Seattle Seahawks,SEA,NFC,WEST,Offensive Tackle,67,Active
33935858,Charles,Demmings,Charles Demmings,23,Minnesota Vikings,MIN,NFC,NORTH,Cornerback,20,Active
13875076,Charles,Grant,Charles Grant,16,Las Vegas Raiders,LV,AFC,WEST,Offensive Tackle,60,Active
1344,Charles,Omenihu,Charles Omenihu,21,Washington Commanders,WSH,NFC,EAST,Defensive End,90,Active
281140,Charles,Woods,Charles Woods,1,New England Patriots,NE,AFC,EAST,Cornerback,22,Active
696,Charlie,Jones,Charlie Jones,20,New York Giants,NYG,NFC,EAST,Wide Receiver,,Active
1094,Charlie,Kolar,Charlie Kolar,17,Los Angeles Chargers,LAC,AFC,WEST,Tight End,88,Active
281936,Charlie,Smyth,Charlie Smyth,26,New Orleans Saints,NO,NFC,SOUTH,Place kicker,39,Active
1173,Charlie,Woerner,Charlie Woerner,27,Atlanta Falcons,ATL,NFC,SOUTH,Tight End,89,Active
2217,Charvarius,Ward,Charvarius Ward,12,Indianapolis Colts,IND,AFC,SOUTH,Cornerback,7,Active
33935102,Chase,Bisontis,Chase Bisontis,33,Arizona Cardinals,ARI,NFC,WEST,Guard,57,Active
551,Chase,Brown,Chase Brown,9,Cincinnati Bengals,CIN,AFC,NORTH,Running Back,30,Active
13875020,Chase,Lundt,Chase Lundt,3,Buffalo Bills,BUF,AFC,EAST,Offensive Tackle,77,Active
7523,Chase,McLaughlin,Chase McLaughlin,28,Tampa Bay Buccaneers,TB,NFC,SOUTH,Place kicker,4,Active
1339,Chase,Young,Chase Young,26,New Orleans Saints,NO,NFC,SOUTH,Defensive End,99,Active
277943,Chau,Smith-Wade,Chau Smith-Wade,29,Carolina Panthers,CAR,NFC,SOUTH,Cornerback,26,Active
1547,Chauncey,Golston,Chauncey Golston,20,New York Giants,NYG,NFC,EAST,Defensive End,57,Active
13877891,Chaz,Chambliss,Chaz Chambliss,23,Minnesota Vikings,MIN,NFC,NORTH,Linebacker,40,Active
2221,Chazz,Surratt,Chazz Surratt,31,Seattle Seahawks,SEA,NFC,WEST,Linebacker,44,Active
1922,Chidobe,Awuzie,Chidobe Awuzie,6,Baltimore Ravens,BAL,AFC,NORTH,Cornerback,3,Active
734,Chig,Okonkwo,Chig Okonkwo,21,Washington Commanders,WSH,NFC,EAST,Tight End,85,Active
281908,Chigozie,Anusiem,Chigozie Anusiem,16,Las Vegas Raiders,LV,AFC,WEST,Cornerback,29,Active
13874116,Chimere,Dike,Chimere Dike,11,Tennessee Titans,TEN,AFC,SOUTH,Wide Receiver,17,Active
33937356,Chip,Trayanum,Chip Trayanum,4,New York Jets,NYJ,AFC,EAST,Running Back,40,Active
279751,Chop,Robinson,Chop Robinson,5,Miami Dolphins,MIA,AFC,EAST,Linebacker,44,Active
33934305,Chris,Bell,Chris Bell,5,Miami Dolphins,MIA,AFC,EAST,Wide Receiver,18,Active
281477,Chris,Blair,Chris Blair,27,Atlanta Falcons,ATL,NFC,SOUTH,Wide Receiver,19,Active
7507,Chris,Boswell,Chris Boswell,7,Pittsburgh Steelers,PIT,AFC,NORTH,Place kicker,9,Active
278130,Chris,Braswell,Chris Braswell,10,Houston Texans,HOU,AFC,SOUTH,Linebacker,,Active
33934356,Chris,Brazzell II,Chris Brazzell II,29,Carolina Panthers,CAR,NFC,SOUTH,Wide Receiver,19,Active
580,Chris,Brooks,Chris Brooks,22,Green Bay Packers,GB,NFC,NORTH,Running Back,30,Active
366357,Chris,Collier,Chris Collier,16,Las Vegas Raiders,LV,AFC,WEST,Running Back,33,Active
100,Chris,Godwin Jr.,Chris Godwin Jr.,28,Tampa Bay Buccaneers,TB,NFC,SOUTH,Wide Receiver,14,Active
33934576,Chris,Hilton Jr.,Chris Hilton Jr.,22,Green Bay Packers,GB,NFC,NORTH,Wide Receiver,37,Active
33936520,Chris,Johnson,Chris Johnson,5,Miami Dolphins,MIA,AFC,EAST,Cornerback,3,Active
1309,Chris,Jones,Chris Jones,14,Kansas City Chiefs,KC,AFC,WEST,Defensive Tackle,95,Active
2043,Chris,Lindstrom,Chris Lindstrom,27,Atlanta Falcons,ATL,NFC,SOUTH,Guard,63,Active
1206,Chris,Manhertz,Chris Manhertz,20,New York Giants,NYG,NFC,EAST,Tight End,85,Active
33935641,Chris,McClellan,Chris McClellan,22,Green Bay Packers,GB,NFC,NORTH,Defensive Tackle,55,Active
637,Chris,Moore,Chris Moore,6,Baltimore Ravens,BAL,AFC,NORTH,Wide Receiver,17,Active
82293,Chris,Myarick,Chris Myarick,16,Las Vegas Raiders,LV,AFC,WEST,Tight End,41,Active
823,Chris,Olave,Chris Olave,26,New Orleans Saints,NO,NFC,SOUTH,Wide Receiver,12,Active
280275,Chris,Paul,Chris Paul,21,Washington Commanders,WSH,NFC,EAST,Guard,75,Active
534,Chris,Rodriguez Jr.,Chris Rodriguez Jr.,13,Jacksonville Jaguars,JAX,AFC,SOUTH,Running Back,24,Active
279404,Chris,Roland-Wallace,Chris Roland-Wallace,14,Kansas City Chiefs,KC,AFC,WEST,Cornerback,30,Active
2310,Chris,Rumph II,Chris Rumph II,26,New Orleans Saints,NO,NFC,SOUTH,Defensive End,58,Active
278232,Chris,Smith,Chris Smith,25,Detroit Lions,DET,NFC,NORTH,Defensive Tackle,90,Active
2455,Chris,Stoll,Chris Stoll,31,Seattle Seahawks,SEA,NFC,WEST,Long Snapper,41,Active
80221,Chris,Williams,Chris Williams,8,Cleveland Browns,CLE,AFC,NORTH,Defensive Tackle,,Active
33935831,Christen,Miller,Christen Miller,26,New Orleans Saints,NO,NFC,SOUTH,Defensive Tackle,52,Active
1327,Christian,Barmore,Christian Barmore,1,New England Patriots,NE,AFC,EAST,Defensive Tackle,90,Active
2605,Christian,Benford,Christian Benford,3,Buffalo Bills,BUF,AFC,EAST,Cornerback,47,Active
279192,Christian,Braswell,Christian Braswell,13,Jacksonville Jaguars,JAX,AFC,SOUTH,Cornerback,21,Active
2534,Christian,Darrisaw,Christian Darrisaw,23,Minnesota Vikings,MIN,NFC,NORTH,Offensive Tackle,71,Active
2408,Christian,Elliss,Christian Elliss,1,New England Patriots,NE,AFC,EAST,Linebacker,53,Active
1675,Christian,Gonzalez,Christian Gonzalez,1,New England Patriots,NE,AFC,EAST,Cornerback,0,Active
1529,Christian,Harris,Christian Harris,27,Atlanta Falcons,ATL,NFC,SOUTH,Linebacker,45,Active
278455,Christian,Haynes,Christian Haynes,31,Seattle Seahawks,SEA,NFC,WEST,Guard,64,Active
2585,Christian,Izien,Christian Izien,25,Detroit Lions,DET,NFC,NORTH,Safety,27,Active
281564,Christian,Jones,Christian Jones,24,Chicago Bears,CHI,NFC,NORTH,Offensive Tackle,,Active
90,Christian,Kirk,Christian Kirk,30,San Francisco 49ers,SF,NFC,WEST,Wide Receiver,3,Active
1854,Christian,Kuntz,Christian Kuntz,7,Pittsburgh Steelers,PIT,AFC,NORTH,Long Snapper,46,Active
281688,Christian,Mahogany,Christian Mahogany,25,Detroit Lions,DET,NFC,NORTH,Guard,73,Active
461,Christian,McCaffrey,Christian McCaffrey,30,San Francisco 49ers,SF,NFC,WEST,Running Back,23,Active
2070,Christian,Rozeboom,Christian Rozeboom,28,Tampa Bay Buccaneers,TB,NFC,SOUTH,Linebacker,52,Active
705,Christian,Watson,Christian Watson,22,Green Bay Packers,GB,NFC,NORTH,Wide Receiver,9,Active
480,Chuba,Hubbard,Chuba Hubbard,29,Carolina Panthers,CAR,NFC,SOUTH,Running Back,30,Active
67545,Chuck,Clark,Chuck Clark,25,Detroit Lions,DET,NFC,NORTH,Safety,36,Active
279426,Chukwuebuka,Godrick,Chukwuebuka Godrick,5,Miami Dolphins,MIA,AFC,EAST,Offensive Tackle,,Active
70802,Chukwuma,Okorafor,Chukwuma Okorafor,4,New York Jets,NYJ,AFC,EAST,Offensive Tackle,79,Active
73888,Chuma,Edoga,Chuma Edoga,6,Baltimore Ravens,BAL,AFC,NORTH,Guard,,Active
33938968,Cian,Slone,Cian Slone,16,Las Vegas Raiders,LV,AFC,WEST,Defensive End,48,Active
33935949,CJ,Allen,CJ Allen,12,Indianapolis Colts,IND,AFC,SOUTH,Linebacker,53,Active
33934271,CJ,Daniels,CJ Daniels,32,Los Angeles Rams,LAR,NFC,WEST,Wide Receiver,6,Active
13874686,CJ,Dippre,CJ Dippre,28,Tampa Bay Buccaneers,TB,NFC,SOUTH,Tight End,,Active
33934091,CJ,Donaldson,CJ Donaldson,26,New Orleans Saints,NO,NFC,SOUTH,Running Back,43,Active
279644,CJ,Okoye,CJ Okoye,20,New York Giants,NYG,NFC,EAST,Defensive Tackle,99,Active
33934570,CJ,Williams,CJ Williams,13,Jacksonville Jaguars,JAX,AFC,SOUTH,Wide Receiver,18,Active
2666,Clark,Phillips III,Clark Phillips III,24,Chicago Bears,CHI,NFC,NORTH,Cornerback,,Active
277921,Claudin,Cherelus,Claudin Cherelus,29,Carolina Panthers,CAR,NFC,SOUTH,Linebacker,53,Active
1429,Clelin,Ferrell,Clelin Ferrell,5,Miami Dolphins,MIA,AFC,EAST,Defensive End,98,Active
2612,Cobie,Durant,Cobie Durant,19,Dallas Cowboys,DAL,NFC,EAST,Cornerback,2,Active
2292,Coby,Bryant,Coby Bryant,24,Chicago Bears,CHI,NFC,NORTH,Safety,2,Active
2126,Cody,Barton,Cody Barton,11,Tennessee Titans,TEN,AFC,SOUTH,Linebacker,50,Active
13878476,Cody,Lindenberg,Cody Lindenberg,16,Las Vegas Raiders,LV,AFC,WEST,Linebacker,55,Active
8043,Cody,Mauch,Cody Mauch,28,Tampa Bay Buccaneers,TB,NFC,SOUTH,Guard,69,Active
279897,Cody,Schrader,Cody Schrader,15,Denver Broncos,DEN,AFC,WEST,Running Back,25,Active
13878531,Cody,Simon,Cody Simon,33,Arizona Cardinals,ARI,NFC,WEST,Linebacker,0,Active
78897,Cody,White,Cody White,16,Las Vegas Raiders,LV,AFC,WEST,Wide Receiver,,Active
33934508,Colbie,Young,Colbie Young,9,Cincinnati Bengals,CIN,AFC,NORTH,Wide Receiver,86,Active
969,Colby,Parkinson,Colby Parkinson,32,Los Angeles Rams,LAR,NFC,WEST,Tight End,84,Active
1710,Colby,Wooden,Colby Wooden,26,New Orleans Saints,NO,NFC,SOUTH,Defensive Tackle,,Active
279696,Cole,Bishop,Cole Bishop,3,Buffalo Bills,BUF,AFC,EAST,Safety,24,Active
365945,Cole,Burgess,Cole Burgess,7,Pittsburgh Steelers,PIT,AFC,NORTH,Wide Receiver,85,Active
8014,Cole,Christiansen,Cole Christiansen,14,Kansas City Chiefs,KC,AFC,WEST,Linebacker,48,Active
1972,Cole,Holcomb,Cole Holcomb,7,Pittsburgh Steelers,PIT,AFC,NORTH,Linebacker,55,Active
759,Cole,Kmet,Cole Kmet,24,Chicago Bears,CHI,NFC,NORTH,Tight End,85,Active
33934186,Cole,Payton,Cole Payton,18,Philadelphia Eagles,PHI,NFC,EAST,Quarterback,10,Active
1254,Cole,Strange,Cole Strange,17,Los Angeles Chargers,LAC,AFC,WEST,Guard,69,Active
1065,Cole,Turner,Cole Turner,5,Miami Dolphins,MIA,AFC,EAST,Tight End,87,Active
279174,Cole,Van Lanen,Cole Van Lanen,13,Jacksonville Jaguars,JAX,AFC,SOUTH,Offensive Tackle,70,Active
33936741,Cole,Wisniewski,Cole Wisniewski,18,Philadelphia Eagles,PHI,NFC,EAST,Safety,21,Active
13874203,Coleman,Owen,Coleman Owen,12,Indianapolis Colts,IND,AFC,SOUTH,Wide Receiver,9,Active
1924,Coleman,Shelton,Coleman Shelton,32,Los Angeles Rams,LAR,NFC,WEST,Center,65,Active
13875204,Collin,Oliver,Collin Oliver,22,Green Bay Packers,GB,NFC,NORTH,Defensive End,45,Active
33936157,Collin,Wright,Collin Wright,10,Houston Texans,HOU,AFC,SOUTH,Cornerback,37,Active
280078,Colson,Yankoff,Colson Yankoff,21,Washington Commanders,WSH,NFC,EAST,Tight End,80,Active
13874670,Colston,Loveland,Colston Loveland,24,Chicago Bears,CHI,NFC,NORTH,Tight End,84,Active
33936078,Colton,Hood,Colton Hood,20,New York Giants,NYG,NFC,EAST,Cornerback,12,Active
77030,Colton,McKivitz,Colton McKivitz,30,San Francisco 49ers,SF,NFC,WEST,Offensive Tackle,68,Active
13874768,Connor,Colby,Connor Colby,30,San Francisco 49ers,SF,NFC,WEST,Guard,75,Active
110,Connor,Heyward,Connor Heyward,16,Las Vegas Raiders,LV,AFC,WEST,Fullback,34,Active
33934809,Connor,Lew,Connor Lew,9,Cincinnati Bengals,CIN,AFC,NORTH,Center,65,Active
2153,Connor,McGovern,Connor McGovern,3,Buffalo Bills,BUF,AFC,EAST,Center,66,Active
13878497,Connor,O'Toole,Connor O'Toole,31,Seattle Seahawks,SEA,NFC,WEST,Linebacker,57,Active
280333,Cooper,Beebe,Cooper Beebe,19,Dallas Cowboys,DAL,NFC,EAST,Center,56,Active
281260,Cooper,DeJean,Cooper DeJean,18,Philadelphia Eagles,PHI,NFC,EAST,Cornerback,33,Active
794,Cooper,Kupp,Cooper Kupp,31,Seattle Seahawks,SEA,NFC,WEST,Wide Receiver,10,Active
13878039,Cooper,McDonald,Cooper McDonald,14,Kansas City Chiefs,KC,AFC,WEST,Linebacker,44,Active
20,Cooper,Rush,Cooper Rush,27,Atlanta Falcons,ATL,NFC,SOUTH,Quarterback,13,Active
2671,Cor'Dale,Flott,Cor'Dale Flott,11,Tennessee Titans,TEN,AFC,SOUTH,Cornerback,18,Active
7646,Corey,Bojorquez,Corey Bojorquez,8,Cleveland Browns,CLE,AFC,NORTH,Punter,13,Active
366473,Corey,Bullock,Corey Bullock,29,Carolina Panthers,CAR,NFC,SOUTH,Center,,Active
13874079,Corey,Kiner,Corey Kiner,1,New England Patriots,NE,AFC,EAST,Running Back,,Active
7611,Corey,Levin,Corey Levin,27,Atlanta Falcons,ATL,NFC,SOUTH,Guard,62,Active
33940188,Corey,Rucker,Corey Rucker,16,Las Vegas Raiders,LV,AFC,WEST,Wide Receiver,82,Active
13878856,Corey,Thornton,Corey Thornton,29,Carolina Panthers,CAR,NFC,SOUTH,Cornerback,31,Active
80696,Corliss,Waitman,Corliss Waitman,30,San Francisco 49ers,SF,NFC,WEST,Punter,7,Active
2298,Cory,Durden,Cory Durden,1,New England Patriots,NE,AFC,EAST,Defensive Tackle,94,Active
850,Courtland,Sutton,Courtland Sutton,15,Denver Broncos,DEN,AFC,WEST,Wide Receiver,14,Active
552,Craig,Reynolds,Craig Reynolds,21,Washington Commanders,WSH,NFC,EAST,Running Back,24,Active
13880592,Craig,Woodson,Craig Woodson,1,New England Patriots,NE,AFC,EAST,Safety,4,Active
2341,Creed,Humphrey,Creed Humphrey,14,Kansas City Chiefs,KC,AFC,WEST,Center,52,Active
280795,Curtis,Jacobs,Curtis Jacobs,21,Washington Commanders,WSH,NFC,EAST,Linebacker,57,Active
2261,Curtis,Robinson,Curtis Robinson,19,Dallas Cowboys,DAL,NFC,EAST,Linebacker,42,Active
33934387,Cyrus,Allen,Cyrus Allen,14,Kansas City Chiefs,KC,AFC,WEST,Wide Receiver,13,Active
1826,D.J.,Humphries,D.J. Humphries,21,Washington Commanders,WSH,NFC,EAST,Offensive Tackle,79,Active
28156597,D.J.,Johnson,D.J. Johnson,21,Washington Commanders,WSH,NFC,EAST,Cornerback,,Active
1508,D.J.,Jones,D.J. Jones,15,Denver Broncos,DEN,AFC,WEST,Defensive Tackle,93,Active
1132,D.J.,Montgomery,D.J. Montgomery,12,Indianapolis Colts,IND,AFC,SOUTH,Wide Receiver,2,Active
2037,D.J.,Reed,D.J. Reed,25,Detroit Lions,DET,NFC,NORTH,Cornerback,4,Active
465,D'Andre,Swift,D'Andre Swift,24,Chicago Bears,CHI,NFC,NORTH,Running Back,4,Active
33936202,D'Angelo,Ponds,D'Angelo Ponds,4,New York Jets,NYJ,AFC,EAST,Cornerback,23,Active
2038,D'Angelo,Ross,D'Angelo Ross,8,Cleveland Browns,CLE,AFC,NORTH,Cornerback,20,Active
33939451,D'Arco,Perkins-McAllister,D'Arco Perkins-McAllister,14,Kansas City Chiefs,KC,AFC,WEST,Cornerback,19,Active
2335,D'Marco,Jackson,D'Marco Jackson,24,Chicago Bears,CHI,NFC,NORTH,Linebacker,48,Active
1599,Da'Shawn,Hand,Da'Shawn Hand,27,Atlanta Falcons,ATL,NFC,SOUTH,Defensive Tackle,90,Active
33935802,Da'Veawn,Armstead,Da'Veawn Armstead,23,Minnesota Vikings,MIN,NFC,NORTH,Cornerback,38,Active
281377,Dadrion,Taylor-Demerson,Dadrion Taylor-Demerson,33,Arizona Cardinals,ARI,NFC,WEST,Safety,42,Active
366271,Daequan,Hardy,Daequan Hardy,7,Pittsburgh Steelers,PIT,AFC,NORTH,Cornerback,31,Active
2352,Daiyan,Henley,Daiyan Henley,17,Los Angeles Chargers,LAC,AFC,WEST,Linebacker,0,Active
25,Dak,Prescott,Dak Prescott,19,Dallas Cowboys,DAL,NFC,EAST,Quarterback,4,Active
13874297,Dalen,Cambre,Dalen Cambre,20,New York Giants,NYG,NFC,EAST,Wide Receiver,83,Active
13874277,Dalevon,Campbell,Dalevon Campbell,17,Los Angeles Chargers,LAC,AFC,WEST,Wide Receiver,81,Active
762,Dallas,Goedert,Dallas Goedert,18,Philadelphia Eagles,PHI,NFC,EAST,Tight End,88,Active
277800,Dallas,Turner,Dallas Turner,23,Minnesota Vikings,MIN,NFC,NORTH,Linebacker,15,Active
33934549,Dallen,Bentley,Dallen Bentley,15,Denver Broncos,DEN,AFC,WEST,Tight End,89,Active
2739,Dallis,Flowers,Dallis Flowers,24,Chicago Bears,CHI,NFC,NORTH,Cornerback,37,Active
13875007,Dalton,Cooper,Dalton Cooper,22,Green Bay Packers,GB,NFC,NORTH,Offensive Tackle,78,Active
33936546,Dalton,Johnson,Dalton Johnson,16,Las Vegas Raiders,LV,AFC,WEST,Safety,43,Active
862,Dalton,Kincaid,Dalton Kincaid,3,Buffalo Bills,BUF,AFC,EAST,Tight End,86,Active
2005,Dalton,Risner,Dalton Risner,9,Cincinnati Bengals,CIN,AFC,NORTH,Guard,66,Active
868,Dalton,Schultz,Dalton Schultz,10,Houston Texans,HOU,AFC,SOUTH,Tight End,86,Active
279239,Dalton,Tucker,Dalton Tucker,12,Indianapolis Colts,IND,AFC,SOUTH,Guard,68,Active
1442,Dalvin,Tomlinson,Dalvin Tomlinson,17,Los Angeles Chargers,LAC,AFC,WEST,Defensive Tackle,94,Active
2194,Damar,Hamlin,Damar Hamlin,3,Buffalo Bills,BUF,AFC,EAST,Safety,3,Active
2329,Damarri,Mathis,Damarri Mathis,8,Cleveland Browns,CLE,AFC,NORTH,Cornerback,37,Active
511,Dameon,Pierce,Dameon Pierce,18,Philadelphia Eagles,PHI,NFC,EAST,Running Back,39,Active
33935174,Dametrious,Crownover,Dametrious Crownover,1,New England Patriots,NE,AFC,EAST,Offensive Tackle,68,Active
77296,Damien,Lewis,Damien Lewis,29,Carolina Panthers,CAR,NFC,SOUTH,Guard,68,Active
2551,Damone,Clark,Damone Clark,25,Detroit Lions,DET,NFC,NORTH,Linebacker,11,Active
33935952,Damonic,Williams,Damonic Williams,33,Arizona Cardinals,ARI,NFC,WEST,Defensive Tackle,96,Active
280418,Dan,Feeney,Dan Feeney,28,Tampa Bay Buccaneers,TB,NFC,SOUTH,Guard,65,Active
276011,Dan,Moore Jr.,Dan Moore Jr.,11,Tennessee Titans,TEN,AFC,SOUTH,Offensive Tackle,75,Active
33934822,Dan,Villari,Dan Villari,32,Los Angeles Rams,LAR,NFC,WEST,Tight End,38,Active
1664,Dane,Belton,Dane Belton,4,New York Jets,NYJ,AFC,EAST,Safety,6,Active
33937854,Dane,Key,Dane Key,15,Denver Broncos,DEN,AFC,WEST,Wide Receiver,32,Active
33935218,Dani,Dennis-Sutton,Dani Dennis-Sutton,22,Green Bay Packers,GB,NFC,NORTH,Defensive End,51,Active
966,Daniel,Bellinger,Daniel Bellinger,11,Tennessee Titans,TEN,AFC,SOUTH,Tight End,82,Active
1916,Daniel,Carlson,Daniel Carlson,26,New Orleans Saints,NO,NFC,SOUTH,Place kicker,48,Active
278532,Daniel,Faalele,Daniel Faalele,13,Jacksonville Jaguars,JAX,AFC,SOUTH,Guard,68,Active
83886,Daniel,Hardy,Daniel Hardy,24,Chicago Bears,CHI,NFC,NORTH,Defensive End,92,Active
31,Daniel,Jones,Daniel Jones,12,Indianapolis Colts,IND,AFC,SOUTH,Quarterback,17,Active
34147236,Daniel,Rickert,Daniel Rickert,32,Los Angeles Rams,LAR,NFC,WEST,Defensive End,40,Active
279280,Daniel,Scott,Daniel Scott,12,Indianapolis Colts,IND,AFC,SOUTH,Safety,32,Active
33934395,Daniel,Sobkowicz,Daniel Sobkowicz,10,Houston Texans,HOU,AFC,SOUTH,Wide Receiver,17,Active
2176,Daniel,Thomas,Daniel Thomas,8,Cleveland Browns,CLE,AFC,NORTH,Safety,24,Active
7718,Daniel,Whelan,Daniel Whelan,22,Green Bay Packers,GB,NFC,NORTH,Punter,19,Active
1296,Danielle,Hunter,Danielle Hunter,10,Houston Texans,HOU,AFC,SOUTH,Defensive End,55,Active
81869,Danny,Gray,Danny Gray,18,Philadelphia Eagles,PHI,NFC,EAST,Wide Receiver,82,Active
78979,Danny,Pinter,Danny Pinter,6,Baltimore Ravens,BAL,AFC,NORTH,Center,63,Active
13875404,Danny,Striggow,Danny Striggow,13,Jacksonville Jaguars,JAX,AFC,SOUTH,Defensive End,92,Active
13878523,Danny,Stutsman,Danny Stutsman,26,New Orleans Saints,NO,NFC,SOUTH,Linebacker,28,Active
1409,Dante,Fowler Jr.,Dante Fowler Jr.,31,Seattle Seahawks,SEA,NFC,WEST,Linebacker,56,Active
1435,Dante,Stills,Dante Stills,33,Arizona Cardinals,ARI,NFC,WEST,Defensive Tackle,55,Active
13879058,Dante,Trader Jr.,Dante Trader Jr.,5,Miami Dolphins,MIA,AFC,EAST,Safety,11,Active
644,Dare,Ogunbowale,Dare Ogunbowale,16,Las Vegas Raiders,LV,AFC,WEST,Running Back,32,Active
2616,Dareke,Young,Dareke Young,16,Las Vegas Raiders,LV,AFC,WEST,Wide Receiver,81,Active
280520,Darian,Kinnard,Darian Kinnard,20,New York Giants,NYG,NFC,EAST,Offensive Tackle,,Active
13878636,Darien,Porter,Darien Porter,16,Las Vegas Raiders,LV,AFC,WEST,Cornerback,26,Active
13875406,Darius,Alexander,Darius Alexander,20,New York Giants,NYG,NFC,EAST,Defensive Tackle,91,Active
13874246,Darius,Cooper,Darius Cooper,18,Philadelphia Eagles,PHI,NFC,EAST,Wide Receiver,80,Active
277791,Darius,Muasau,Darius Muasau,1,New England Patriots,NE,AFC,EAST,Linebacker,,Active
281658,Darius,Robinson,Darius Robinson,33,Arizona Cardinals,ARI,NFC,WEST,Defensive End,56,Active
2555,Darius,Rush,Darius Rush,21,Washington Commanders,WSH,NFC,EAST,Cornerback,29,Active
852,Darius,Slayton,Darius Slayton,20,New York Giants,NYG,NFC,EAST,Wide Receiver,18,Active
2385,Darnay,Holmes,Darnay Holmes,27,Atlanta Falcons,ATL,NFC,SOUTH,Cornerback,30,Active
739,Darnell,Mooney,Darnell Mooney,20,New York Giants,NYG,NFC,EAST,Wide Receiver,17,Active
1123,Darnell,Washington,Darnell Washington,7,Pittsburgh Steelers,PIT,AFC,NORTH,Tight End,80,Active
280569,Darnell,Wright,Darnell Wright,24,Chicago Bears,CHI,NFC,NORTH,Offensive Tackle,58,Active
2420,DaRon,Bland,DaRon Bland,19,Dallas Cowboys,DAL,NFC,EAST,Cornerback,26,Active
1413,Daron,Payne,Daron Payne,21,Washington Commanders,WSH,NFC,EAST,Defensive Tackle,94,Active
2210,Darrell,Baker Jr.,Darrell Baker Jr.,5,Miami Dolphins,MIA,AFC,EAST,Cornerback,22,Active
33935596,Darrell,Jackson Jr.,Darrell Jackson Jr.,4,New York Jets,NYJ,AFC,EAST,Defensive Tackle,95,Active
2718,Darrell,Luter Jr.,Darrell Luter Jr.,16,Las Vegas Raiders,LV,AFC,WEST,Cornerback,,Active
885,Darren,Waller,Darren Waller,29,Carolina Panthers,CAR,NFC,SOUTH,Tight End,35,Active
2291,Darrick,Forrest,Darrick Forrest,30,San Francisco 49ers,SF,NFC,WEST,Safety,29,Active
33939354,Darryl,Peterson III,Darryl Peterson III,32,Los Angeles Rams,LAR,NFC,WEST,Linebacker,59,Active
821,Davante,Adams,Davante Adams,32,Los Angeles Rams,LAR,NFC,WEST,Wide Receiver,17,Active
33935768,David,Bailey,David Bailey,4,New York Jets,NYJ,AFC,EAST,Linebacker,31,Active
279506,David Ebuka,Agoha,David Ebuka Agoha,15,Denver Broncos,DEN,AFC,WEST,Defensive End,,Active
80143,David,Edwards,David Edwards,26,New Orleans Saints,NO,NFC,SOUTH,Guard,76,Active
2267,David,Long Jr.,David Long Jr.,26,New Orleans Saints,NO,NFC,SOUTH,Cornerback,45,Active
279298,David,Martin-Robinson,David Martin-Robinson,11,Tennessee Titans,TEN,AFC,SOUTH,Tight End,88,Active
469,David,Montgomery,David Montgomery,10,Houston Texans,HOU,AFC,SOUTH,Running Back,32,Active
1085,David,Moore,David Moore,29,Carolina Panthers,CAR,NFC,SOUTH,Wide Receiver,83,Active
844,David,Njoku,David Njoku,17,Los Angeles Chargers,LAC,AFC,WEST,Tight End,83,Active
281934,David,Olajiga,David Olajiga,6,Baltimore Ravens,BAL,AFC,NORTH,Defensive Tackle,65,Active
1415,David,Onyemata,David Onyemata,4,New York Jets,NYJ,AFC,EAST,Defensive Tackle,93,Active
1746,David,Quessenberry,David Quessenberry,32,Los Angeles Rams,LAR,NFC,WEST,Offensive Tackle,68,Active
78928,David,Sills V,David Sills V,28,Tampa Bay Buccaneers,TB,NFC,SOUTH,Wide Receiver,80,Active
13878499,David,Walker,David Walker,28,Tampa Bay Buccaneers,TB,NFC,SOUTH,Linebacker,51,Active
1083,Davis,Allen,Davis Allen,32,Los Angeles Rams,LAR,NFC,WEST,Tight End,87,Active
93,Davis,Mills,Davis Mills,10,Houston Texans,HOU,AFC,SOUTH,Quarterback,10,Active
33936290,Davison,Igbinosun,Davison Igbinosun,3,Buffalo Bills,BUF,AFC,EAST,Cornerback,21,Active
33934125,Davon,Booth,Davon Booth,12,Indianapolis Colts,IND,AFC,SOUTH,Running Back,,Active
1951,Davon,Godchaux,Davon Godchaux,26,New Orleans Saints,NO,NFC,SOUTH,Defensive Tackle,92,Active
2083,DaVon,Hamilton,DaVon Hamilton,13,Jacksonville Jaguars,JAX,AFC,SOUTH,Defensive Tackle,52,Active
271327,Dawand,Jones,Dawand Jones,8,Cleveland Browns,CLE,AFC,NORTH,Offensive Tackle,79,Active
1012,Dawson,Knox,Dawson Knox,3,Buffalo Bills,BUF,AFC,EAST,Tight End,88,Active
1555,Dax,Hill,Dax Hill,9,Cincinnati Bengals,CIN,AFC,NORTH,Cornerback,23,Active
33936108,Daylen,Everette,Daylen Everette,7,Pittsburgh Steelers,PIT,AFC,NORTH,Cornerback,23,Active
1334,Dayo,Odeyingbo,Dayo Odeyingbo,24,Chicago Bears,CHI,NFC,NORTH,Defensive End,55,Active
114,De'Von,Achane,De'Von Achane,5,Miami Dolphins,MIA,AFC,EAST,Running Back,28,Active
33934502,De'Zhaun,Stribling,De'Zhaun Stribling,30,San Francisco 49ers,SF,NFC,WEST,Wide Receiver,15,Active
33934109,Dean,Connors,Dean Connors,32,Los Angeles Rams,LAR,NFC,WEST,Running Back,33,Active
33938053,Dean,Patterson,Dean Patterson,28,Tampa Bay Buccaneers,TB,NFC,SOUTH,Wide Receiver,8,Active
2728,Deane,Leonard,Deane Leonard,17,Los Angeles Chargers,LAC,AFC,WEST,Cornerback,33,Active
2396,DeAngelo,Malone,DeAngelo Malone,27,Atlanta Falcons,ATL,NFC,SOUTH,Linebacker,50,Active
279197,Deantre,Prince,Deantre Prince,24,Chicago Bears,CHI,NFC,NORTH,Cornerback,37,Active
1392,Deatrich,Wise Jr.,Deatrich Wise Jr.,21,Washington Commanders,WSH,NFC,EAST,Defensive End,91,Active
279481,Decamerion,Richardson,Decamerion Richardson,26,New Orleans Saints,NO,NFC,SOUTH,Cornerback,,Active
2617,Dee,Alford,Dee Alford,3,Buffalo Bills,BUF,AFC,EAST,Cornerback,23,Active
2659,Dee,Winters,Dee Winters,19,Dallas Cowboys,DAL,NFC,EAST,Linebacker,53,Active
102,Deebo,Samuel Sr.,Deebo Samuel Sr.,30,San Francisco 49ers,SF,NFC,WEST,Wide Receiver,19,Active
109,DeeJay,Dallas,DeeJay Dallas,23,Minnesota Vikings,MIN,NFC,NORTH,Running Back,,Active
1330,DeForest,Buckner,DeForest Buckner,12,Indianapolis Colts,IND,AFC,SOUTH,Defensive Tackle,99,Active
33934251,Deion,Burks,Deion Burks,12,Indianapolis Colts,IND,AFC,SOUTH,Wide Receiver,80,Active
2312,Del'Shawn,Phillips,Del'Shawn Phillips,17,Los Angeles Chargers,LAC,AFC,WEST,Linebacker,53,Active
281333,Dell,Pettus,Dell Pettus,1,New England Patriots,NE,AFC,EAST,Safety,24,Active
2687,DeMarcco,Hellams,DeMarcco Hellams,27,Atlanta Falcons,ATL,NFC,SOUTH,Safety,23,Active
1407,DeMarcus,Lawrence,DeMarcus Lawrence,31,Seattle Seahawks,SEA,NFC,WEST,Linebacker,0,Active
663,Demarcus,Robinson,Demarcus Robinson,30,San Francisco 49ers,SF,NFC,WEST,Wide Receiver,7,Active
1348,Demario,Davis,Demario Davis,4,New York Jets,NYJ,AFC,EAST,Linebacker,56,Active
630,DeMario,Douglas,DeMario Douglas,1,New England Patriots,NE,AFC,EAST,Wide Receiver,3,Active
278059,DeMarvion,Overshown,DeMarvion Overshown,19,Dallas Cowboys,DAL,NFC,EAST,Linebacker,0,Active
13878138,Demetrius,Knight Jr.,Demetrius Knight Jr.,9,Cincinnati Bengals,CIN,AFC,NORTH,Linebacker,44,Active
33934113,Demond,Claiborne,Demond Claiborne,23,Minnesota Vikings,MIN,NFC,NORTH,Running Back,21,Active
33935294,DeMonte,Capehart,DeMonte Capehart,28,Tampa Bay Buccaneers,TB,NFC,SOUTH,Defensive Tackle,90,Active
280500,Demontrey,Jacobs,Demontrey Jacobs,33,Arizona Cardinals,ARI,NFC,WEST,Offensive Tackle,67,Active
1364,Dennis,Gardeck,Dennis Gardeck,13,Jacksonville Jaguars,JAX,AFC,SOUTH,Linebacker,47,Active
33934369,Denzel,Boston,Denzel Boston,8,Cleveland Browns,CLE,AFC,NORTH,Wide Receiver,12,Active
13878809,Denzel,Burke,Denzel Burke,33,Arizona Cardinals,ARI,NFC,WEST,Cornerback,29,Active
1682,Denzel,Perryman,Denzel Perryman,17,Los Angeles Chargers,LAC,AFC,WEST,Linebacker,6,Active
2085,Denzel,Ward,Denzel Ward,8,Cleveland Browns,CLE,AFC,NORTH,Cornerback,21,Active
2376,Deommodore,Lenoir,Deommodore Lenoir,30,San Francisco 49ers,SF,NFC,WEST,Cornerback,2,Active
13878089,Deone,Walker,Deone Walker,3,Buffalo Bills,BUF,AFC,EAST,Defensive Tackle,96,Active
2653,Deonte,Banks,Deonte Banks,20,New York Giants,NYG,NFC,EAST,Cornerback,2,Active
1473,Derek,Barnett,Derek Barnett,8,Cleveland Browns,CLE,AFC,NORTH,Defensive End,97,Active
2632,Derek,Stingley Jr.,Derek Stingley Jr.,10,Houston Texans,HOU,AFC,SOUTH,Cornerback,24,Active
2690,Derick,Hall,Derick Hall,31,Seattle Seahawks,SEA,NFC,WEST,Linebacker,58,Active
2476,Derion,Kendrick,Derion Kendrick,19,Dallas Cowboys,DAL,NFC,EAST,Cornerback,15,Active
581,Derius,Davis,Derius Davis,17,Los Angeles Chargers,LAC,AFC,WEST,Wide Receiver,12,Active
1645,Derrick,Barnes,Derrick Barnes,25,Detroit Lions,DET,NFC,NORTH,Linebacker,55,Active
1515,Derrick,Brown,Derrick Brown,29,Carolina Panthers,CAR,NFC,SOUTH,Defensive Tackle,95,Active
13875252,Derrick,Harmon,Derrick Harmon,7,Pittsburgh Steelers,PIT,AFC,NORTH,Defensive Tackle,99,Active
36,Derrick,Henry,Derrick Henry,6,Baltimore Ravens,BAL,AFC,NORTH,Running Back,22,Active
33935381,Derrick,Moore,Derrick Moore,25,Detroit Lions,DET,NFC,NORTH,Defensive End,9,Active
1504,Derwin,James Jr.,Derwin James Jr.,17,Los Angeles Chargers,LAC,AFC,WEST,Safety,3,Active
68,Deshaun,Watson,Deshaun Watson,8,Cleveland Browns,CLE,AFC,NORTH,Quarterback,4,Active
33935372,Deshawn,McKnight,Deshawn McKnight,28,Tampa Bay Buccaneers,TB,NFC,SOUTH,Defensive Tackle,73,Active
2132,DeShon,Elliott,DeShon Elliott,7,Pittsburgh Steelers,PIT,AFC,NORTH,Safety,25,Active
33936481,DeShon,Singleton,DeShon Singleton,14,Kansas City Chiefs,KC,AFC,WEST,Safety,25,Active
1523,Desjuan,Johnson,Desjuan Johnson,32,Los Angeles Rams,LAR,NFC,WEST,Defensive End,94,Active
277738,Devaughn,Vele,Devaughn Vele,26,New Orleans Saints,NO,NFC,SOUTH,Wide Receiver,14,Active
33935455,Deven,Eastern,Deven Eastern,31,Seattle Seahawks,SEA,NFC,WEST,Defensive Tackle,97,Active
614,Deven,Thompkins,Deven Thompkins,16,Las Vegas Raiders,LV,AFC,WEST,Wide Receiver,83,Active
2202,Devin,Bush,Devin Bush,24,Chicago Bears,CHI,NFC,NORTH,Linebacker,12,Active
366060,Devin,Cochran,Devin Cochran,25,Detroit Lions,DET,NFC,NORTH,Offensive Tackle,77,Active
691,Devin,Duvernay,Devin Duvernay,33,Arizona Cardinals,ARI,NFC,WEST,Wide Receiver,81,Active
33939846,Devin,Lafayette,Devin Lafayette,16,Las Vegas Raiders,LV,AFC,WEST,Safety,40,Active
2391,Devin,Lloyd,Devin Lloyd,29,Carolina Panthers,CAR,NFC,SOUTH,Linebacker,55,Active
33936274,Devin,Moore,Devin Moore,19,Dallas Cowboys,DAL,NFC,EAST,Cornerback,29,Active
8,Devin,Singletary,Devin Singletary,20,New York Giants,NYG,NFC,EAST,Running Back,26,Active
1480,Devin,White,Devin White,25,Detroit Lions,DET,NFC,NORTH,Linebacker,45,Active
279559,Devon,Key,Devon Key,15,Denver Broncos,DEN,AFC,WEST,Safety,26,Active
33936361,Devon,Marshall,Devon Marshall,13,Jacksonville Jaguars,JAX,AFC,SOUTH,Cornerback,40,Active
1467,Devon,Witherspoon,Devon Witherspoon,31,Seattle Seahawks,SEA,NFC,WEST,Cornerback,21,Active
826,DeVonta,Smith,DeVonta Smith,18,Philadelphia Eagles,PHI,NFC,EAST,Wide Receiver,6,Active
33939855,DeVonta,Smith,DeVonta Smith,29,Carolina Panthers,CAR,NFC,SOUTH,Cornerback,43,Active
1375,Devonte,Wyatt,Devonte Wyatt,22,Green Bay Packers,GB,NFC,NORTH,Defensive Tackle,95,Active
278521,Devontez,Walker,Devontez Walker,6,Baltimore Ravens,BAL,AFC,NORTH,Wide Receiver,81,Active
279678,DeWayne,Carter,DeWayne Carter,3,Buffalo Bills,BUF,AFC,EAST,Defensive Tackle,90,Active
1399,Dexter,Lawrence II,Dexter Lawrence II,9,Cincinnati Bengals,CIN,AFC,NORTH,Defensive Tackle,97,Active
35861676,Dexter,Moody,Dexter Moody,6,Baltimore Ravens,BAL,AFC,NORTH,Safety,3,Active
33934988,Diego,Pounds,Diego Pounds,14,Kansas City Chiefs,KC,AFC,WEST,Offensive Tackle,61,Active
33934324,Dillon,Bell,Dillon Bell,23,Minnesota Vikings,MIN,NFC,NORTH,Wide Receiver,89,Active
13873898,Dillon,Gabriel,Dillon Gabriel,8,Cleveland Browns,CLE,AFC,NORTH,Quarterback,6,Active
2254,Dillon,Radunz,Dillon Radunz,26,New Orleans Saints,NO,NFC,SOUTH,Guard,77,Active
33936596,Dillon,Thieneman,Dillon Thieneman,24,Chicago Bears,CHI,NFC,NORTH,Safety,31,Active
33938666,Dillon,Wade,Dillon Wade,22,Green Bay Packers,GB,NFC,NORTH,Guard,68,Active
69359,Dion,Dawkins,Dion Dawkins,3,Buffalo Bills,BUF,AFC,EAST,Offensive Tackle,73,Active
1618,Divine,Deablo,Divine Deablo,27,Atlanta Falcons,ATL,NFC,SOUTH,Linebacker,0,Active
33934964,DJ,Campbell,DJ Campbell,5,Miami Dolphins,MIA,AFC,EAST,Guard,63,Active
13873921,DJ,Giddens,DJ Giddens,12,Indianapolis Colts,IND,AFC,SOUTH,Running Back,21,Active
279457,DJ,Glaze,DJ Glaze,16,Las Vegas Raiders,LV,AFC,WEST,Offensive Tackle,71,Active
33937754,DJ,Herman,DJ Herman,5,Miami Dolphins,MIA,AFC,EAST,Fullback,34,Active
2545,DJ,Ivey,DJ Ivey,9,Cincinnati Bengals,CIN,AFC,NORTH,Cornerback,38,Active
308186,DJ,James,DJ James,20,New York Giants,NYG,NFC,EAST,Cornerback,36,Active
673,DJ,Moore,DJ Moore,3,Buffalo Bills,BUF,AFC,EAST,Wide Receiver,2,Active
1575,DJ,Reader,DJ Reader,20,New York Giants,NYG,NFC,EAST,Defensive Tackle,98,Active
33934729,DJ,Rogers,DJ Rogers,19,Dallas Cowboys,DAL,NFC,EAST,Tight End,49,Active
1673,DJ,Turner II,DJ Turner II,9,Cincinnati Bengals,CIN,AFC,NORTH,Cornerback,0,Active
13873927,DJ,Uiagalelei,DJ Uiagalelei,17,Los Angeles Chargers,LAC,AFC,WEST,Quarterback,7,Active
1332,DJ,Wonnum,DJ Wonnum,25,Detroit Lions,DET,NFC,NORTH,Linebacker,98,Active
824,DK,Metcalf,DK Metcalf,7,Pittsburgh Steelers,PIT,AFC,NORTH,Wide Receiver,4,Active
29280548,Dohnte,Meyers,Dohnte Meyers,9,Cincinnati Bengals,CIN,AFC,NORTH,Wide Receiver,81,Active
33935976,Domani,Jackson,Domani Jackson,22,Green Bay Packers,GB,NFC,NORTH,Cornerback,20,Active
33939087,Dominic,Bailey,Dominic Bailey,10,Houston Texans,HOU,AFC,SOUTH,Defensive Tackle,96,Active
33935581,Dominic,DeLuca,Dominic DeLuca,6,Baltimore Ravens,BAL,AFC,NORTH,Linebacker,42,Active
13874236,Dominic,Lovett,Dominic Lovett,25,Detroit Lions,DET,NFC,NORTH,Wide Receiver,19,Active
33936512,Dominic,Zvada,Dominic Zvada,20,New York Giants,NYG,NFC,EAST,Place kicker,34,Active
280327,Dominick,Puni,Dominick Puni,30,San Francisco 49ers,SF,NFC,WEST,Guard,77,Active
1699,Dominique,Robinson,Dominique Robinson,10,Houston Texans,HOU,AFC,SOUTH,Defensive End,97,Active
33935179,Domonique,Orange,Domonique Orange,23,Minnesota Vikings,MIN,NFC,NORTH,Defensive Tackle,97,Active
365163,Dondrea,Tillman,Dondrea Tillman,15,Denver Broncos,DEN,AFC,WEST,Linebacker,92,Active
13878675,Doneiko,Slaughter,Doneiko Slaughter,7,Pittsburgh Steelers,PIT,AFC,NORTH,Cornerback,19,Active
13875116,Donovan,Ezeiruaku,Donovan Ezeiruaku,19,Dallas Cowboys,DAL,NFC,EAST,Linebacker,6,Active
13874925,Donovan,Jackson,Donovan Jackson,23,Minnesota Vikings,MIN,NFC,NORTH,Guard,74,Active
365991,Donovan,Jennings,Donovan Jennings,22,Green Bay Packers,GB,NFC,NORTH,Guard,67,Active
13879005,Donovan,McMillon,Donovan McMillon,8,Cleveland Browns,CLE,AFC,NORTH,Safety,31,Active
13874481,Dont'e,Thornton Jr.,Dont'e Thornton Jr.,16,Las Vegas Raiders,LV,AFC,WEST,Wide Receiver,10,Active
13878864,Dontae,Manning,Dontae Manning,24,Chicago Bears,CHI,NFC,NORTH,Cornerback,27,Active
14,Dontayvion,Wicks,Dontayvion Wicks,18,Philadelphia Eagles,PHI,NFC,EAST,Wide Receiver,13,Active
2051,Donte,Jackson,Donte Jackson,17,Los Angeles Chargers,LAC,AFC,WEST,Cornerback,26,Active
13880563,Donte,Kent,Donte Kent,7,Pittsburgh Steelers,PIT,AFC,NORTH,Cornerback,34,Active
1338,Dorance,Armstrong,Dorance Armstrong,21,Washington Commanders,WSH,NFC,EAST,Defensive End,92,Active
13877994,Dorian,Mausi,Dorian Mausi,11,Tennessee Titans,TEN,AFC,SOUTH,Linebacker,54,Active
13878753,Dorian,Strong,Dorian Strong,3,Buffalo Bills,BUF,AFC,EAST,Cornerback,43,Active
2700,Dorian,Williams,Dorian Williams,3,Buffalo Bills,BUF,AFC,EAST,Linebacker,42,Active
279005,Doug,Nester,Doug Nester,7,Pittsburgh Steelers,PIT,AFC,NORTH,Guard,72,Active
13874435,Drake,Dabney,Drake Dabney,22,Green Bay Packers,GB,NFC,NORTH,Tight End,49,Active
13,Drake,London,Drake London,27,Atlanta Falcons,ATL,NFC,SOUTH,Wide Receiver,5,Active
279866,Drake,Maye,Drake Maye,1,New England Patriots,NE,AFC,EAST,Quarterback,10,Active
366293,Drake,Nugent,Drake Nugent,30,San Francisco 49ers,SF,NFC,WEST,Center,66,Active
2656,Drake,Thomas,Drake Thomas,31,Seattle Seahawks,SEA,NFC,WEST,Linebacker,32,Active
1544,Dre,Greenlaw,Dre Greenlaw,30,San Francisco 49ers,SF,NFC,WEST,Linebacker,57,Active
1398,Dre'Mont,Jones,Dre'Mont Jones,1,New England Patriots,NE,AFC,EAST,Defensive End,5,Active
33934017,Drew,Allar,Drew Allar,7,Pittsburgh Steelers,PIT,AFC,NORTH,Quarterback,16,Active
13874880,Drew,Kendall,Drew Kendall,18,Philadelphia Eagles,PHI,NFC,EAST,Center,66,Active
60,Drew,Lock,Drew Lock,31,Seattle Seahawks,SEA,NFC,WEST,Quarterback,2,Active
13874844,Drew,Moss,Drew Moss,11,Tennessee Titans,TEN,AFC,SOUTH,Guard,67,Active
1048,Drew,Ogletree,Drew Ogletree,12,Indianapolis Colts,IND,AFC,SOUTH,Tight End,85,Active
1029,Drew,Sample,Drew Sample,9,Cincinnati Bengals,CIN,AFC,NORTH,Tight End,89,Active
2717,Drew,Sanders,Drew Sanders,15,Denver Broncos,DEN,AFC,WEST,Linebacker,41,Active
33935234,Drew,Shelton,Drew Shelton,19,Dallas Cowboys,DAL,NFC,EAST,Offensive Tackle,67,Active
33939999,Drew,Stevens,Drew Stevens,21,Washington Commanders,WSH,NFC,EAST,Place kicker,19,Active
277799,Dru,Phillips,Dru Phillips,20,New York Giants,NYG,NFC,EAST,Cornerback,22,Active
1397,Drue,Tranquill,Drue Tranquill,14,Kansas City Chiefs,KC,AFC,WEST,Linebacker,23,Active
934,Durham,Smythe,Durham Smythe,6,Baltimore Ravens,BAL,AFC,NORTH,Tight End,80,Active
280960,Dwight,McGlothern Jr.,Dwight McGlothern Jr.,23,Minnesota Vikings,MIN,NFC,NORTH,Cornerback,6,Active
10,Dyami,Brown,Dyami Brown,21,Washington Commanders,WSH,NFC,EAST,Wide Receiver,6,Active
278709,Dylan,Cook,Dylan Cook,7,Pittsburgh Steelers,PIT,AFC,NORTH,Offensive Tackle,60,Active
366106,Dylan,Drummond,Dylan Drummond,27,Atlanta Falcons,ATL,NFC,SOUTH,Wide Receiver,80,Active
13874676,Dylan,Fairchild,Dylan Fairchild,9,Cincinnati Bengals,CIN,AFC,NORTH,Guard,63,Active
2594,Dylan,Horton,Dylan Horton,10,Houston Texans,HOU,AFC,SOUTH,Defensive End,92,Active
279439,Dylan,Laube,Dylan Laube,16,Las Vegas Raiders,LV,AFC,WEST,Running Back,23,Active
280150,Dylan,McMahon,Dylan McMahon,32,Los Angeles Rams,LAR,NFC,WEST,Center,63,Active
83761,Dylan,Parham,Dylan Parham,4,New York Jets,NYJ,AFC,EAST,Guard,64,Active
13874120,Dylan,Sampson,Dylan Sampson,8,Cleveland Browns,CLE,AFC,NORTH,Running Back,22,Active
282002,E.J.,Jenkins,E.J. Jenkins,18,Philadelphia Eagles,PHI,NFC,EAST,Tight End,84,Active
1588,E.J.,Speed,E.J. Speed,10,Houston Texans,HOU,AFC,SOUTH,Linebacker,45,Active
13875211,Easton,Kilty,Easton Kilty,26,New Orleans Saints,NO,NFC,SOUTH,Offensive Tackle,73,Active
13878428,Easton,Mascarenas-Arnold,Easton Mascarenas-Arnold,8,Cleveland Browns,CLE,AFC,NORTH,Linebacker,42,Active
58,Easton,Stick,Easton Stick,28,Tampa Bay Buccaneers,TB,NFC,SOUTH,Quarterback,,Active
2364,Ed,Ingram,Ed Ingram,10,Houston Texans,HOU,AFC,SOUTH,Guard,69,Active
1318,Ed,Oliver,Ed Oliver,3,Buffalo Bills,BUF,AFC,EAST,Defensive Tackle,91,Active
33935349,Eddie,Walls III,Eddie Walls III,32,Los Angeles Rams,LAR,NFC,WEST,Linebacker,51,Active
7533,Eddy,Pineiro,Eddy Pineiro,30,San Francisco 49ers,SF,NFC,WEST,Place kicker,18,Active
279687,Edefuan,Ulofoshio,Edefuan Ulofoshio,8,Cleveland Browns,CLE,AFC,NORTH,Linebacker,54,Active
88194,Edgerrin,Cooper,Edgerrin Cooper,22,Green Bay Packers,GB,NFC,NORTH,Linebacker,56,Active
13874369,Efton,Chism III,Efton Chism III,1,New England Patriots,NE,AFC,EAST,Wide Receiver,86,Active
2505,Eku,Leota,Eku Leota,33,Arizona Cardinals,ARI,NFC,WEST,Linebacker,54,Active
1955,Elgton,Jenkins,Elgton Jenkins,8,Cleveland Browns,CLE,AFC,NORTH,Center,74,Active
13874697,Eli,Cox,Eli Cox,13,Jacksonville Jaguars,JAX,AFC,SOUTH,Center,,Active
33934175,Eli,Heidenreich,Eli Heidenreich,7,Pittsburgh Steelers,PIT,AFC,NORTH,Running Back,29,Active
33934883,Eli,Raridon,Eli Raridon,1,New England Patriots,NE,AFC,EAST,Tight End,82,Active
33935009,Eli,Stowers,Eli Stowers,18,Philadelphia Eagles,PHI,NFC,EAST,Tight End,87,Active
280778,Elias,Neal,Elias Neal,32,Los Angeles Rams,LAR,NFC,WEST,Linebacker,58,Active
13874089,Elic,Ayomanor,Elic Ayomanor,11,Tennessee Titans,TEN,AFC,SOUTH,Wide Receiver,5,Active
13874289,Elijah,Arroyo,Elijah Arroyo,31,Seattle Seahawks,SEA,NFC,WEST,Tight End,18,Active
2143,Elijah,Campbell,Elijah Campbell,20,New York Giants,NYG,NFC,EAST,Safety,28,Active
277795,Elijah,Chatman,Elijah Chatman,8,Cleveland Browns,CLE,AFC,NORTH,Defensive Tackle,62,Active
1623,Elijah,Garcia,Elijah Garcia,19,Dallas Cowboys,DAL,NFC,EAST,Defensive End,,Active
2370,Elijah,Hicks,Elijah Hicks,24,Chicago Bears,CHI,NFC,NORTH,Safety,22,Active
1030,Elijah,Higgins,Elijah Higgins,33,Arizona Cardinals,ARI,NFC,WEST,Tight End,84,Active
281679,Elijah,Jones,Elijah Jones,20,New York Giants,NYG,NFC,EAST,Cornerback,,Active
280494,Elijah,Klein,Elijah Klein,25,Detroit Lions,DET,NFC,NORTH,Guard,,Active
2393,Elijah,Molden,Elijah Molden,17,Los Angeles Chargers,LAC,AFC,WEST,Cornerback,2,Active
708,Elijah,Moore,Elijah Moore,18,Philadelphia Eagles,PHI,NFC,EAST,Wide Receiver,19,Active
13878199,Elijah,Ponder,Elijah Ponder,1,New England Patriots,NE,AFC,EAST,Linebacker,91,Active
13875172,Elijah,Roberts,Elijah Roberts,28,Tampa Bay Buccaneers,TB,NFC,SOUTH,Defensive End,95,Active
33934357,Elijah,Sarratt,Elijah Sarratt,6,Baltimore Ravens,BAL,AFC,NORTH,Wide Receiver,13,Active
13878026,Elijah,Simmons,Elijah Simmons,28,Tampa Bay Buccaneers,TB,NFC,SOUTH,Defensive Tackle,92,Active
70689,Elijah,Wilkinson,Elijah Wilkinson,33,Arizona Cardinals,ARI,NFC,WEST,Offensive Tackle,65,Active
13875282,Elijah,Williams,Elijah Williams,23,Minnesota Vikings,MIN,NFC,NORTH,Defensive End,99,Active
13878916,Elliott,Davison,Elliott Davison,1,New England Patriots,NE,AFC,EAST,Safety,,Active
593,Emanuel,Wilson,Emanuel Wilson,31,Seattle Seahawks,SEA,NFC,WEST,Running Back,27,Active
528,Emari,Demercado,Emari Demercado,19,Dallas Cowboys,DAL,NFC,EAST,Running Back,,Active
13874067,Emeka,Egbuka,Emeka Egbuka,28,Tampa Bay Buccaneers,TB,NFC,SOUTH,Wide Receiver,2,Active
13875006,Emery,Jones Jr.,Emery Jones Jr.,6,Baltimore Ravens,BAL,AFC,NORTH,Offensive Tackle,51,Active
2673,Emmanuel,Forbes Jr.,Emmanuel Forbes Jr.,32,Los Angeles Rams,LAR,NFC,WEST,Cornerback,1,Active
33934373,Emmanuel,Henderson Jr.,Emmanuel Henderson Jr.,31,Seattle Seahawks,SEA,NFC,WEST,Wide Receiver,84,Active
33936387,Emmanuel,McNeil-Warren,Emmanuel McNeil-Warren,8,Cleveland Browns,CLE,AFC,NORTH,Safety,28,Active
1379,Emmanuel,Ogbah,Emmanuel Ogbah,14,Kansas City Chiefs,KC,AFC,WEST,Defensive End,50,Active
33935106,Emmanuel,Pregnon,Emmanuel Pregnon,13,Jacksonville Jaguars,JAX,AFC,SOUTH,Guard,75,Active
33934178,Emmett,Johnson,Emmett Johnson,14,Kansas City Chiefs,KC,AFC,WEST,Running Back,10,Active
278244,Ennis,Rakestraw Jr.,Ennis Rakestraw Jr.,25,Detroit Lions,DET,NFC,NORTH,Cornerback,2,Active
33935157,Enrique,Cruz Jr.,Enrique Cruz Jr.,30,San Francisco 49ers,SF,NFC,WEST,Offensive Tackle,69,Active
33936616,Ephesians,Prysock,Ephesians Prysock,30,San Francisco 49ers,SF,NFC,WEST,Cornerback,35,Active
13877876,Eric,Gregory,Eric Gregory,1,New England Patriots,NE,AFC,EAST,Defensive Tackle,95,Active
1824,Eric,Murray,Eric Murray,13,Jacksonville Jaguars,JAX,AFC,SOUTH,Safety,29,Active
33939068,Eric,O'Neill,Eric O'Neill,25,Detroit Lions,DET,NFC,NORTH,Defensive End,66,Active
33938055,Eric,Rivers Jr.,Eric Rivers Jr.,28,Tampa Bay Buccaneers,TB,NFC,SOUTH,Wide Receiver,83,Active
1219,Eric,Saubert,Eric Saubert,31,Seattle Seahawks,SEA,NFC,WEST,Tight End,81,Active
2453,Eric,Stokes,Eric Stokes,16,Las Vegas Raiders,LV,AFC,WEST,Cornerback,5,Active
1939,Eric,Wilson,Eric Wilson,23,Minnesota Vikings,MIN,NFC,NORTH,Linebacker,55,Active
279025,Erick,All Jr.,Erick All Jr.,9,Cincinnati Bengals,CIN,AFC,NORTH,Tight End,83,Active
281955,Erick,Hallett II,Erick Hallett II,11,Tennessee Titans,TEN,AFC,SOUTH,Safety,41,Active
33935872,Erick,Hunter,Erick Hunter,1,New England Patriots,NE,AFC,EAST,Linebacker,,Active
2106,Erik,McCoy,Erik McCoy,26,New Orleans Saints,NO,NFC,SOUTH,Center,78,Active
1403,Ernest,Jones IV,Ernest Jones IV,31,Seattle Seahawks,SEA,NFC,WEST,Linebacker,13,Active
13875176,Esa,Pole,Esa Pole,21,Washington Commanders,WSH,NFC,EAST,Offensive Tackle,,Active
83699,Esezi,Otomewo,Esezi Otomewo,7,Pittsburgh Steelers,PIT,AFC,NORTH,Defensive Tackle,93,Active
2492,Ethan,Bonner,Ethan Bonner,5,Miami Dolphins,MIA,AFC,EAST,Cornerback,27,Active
33935124,Ethan,Burke,Ethan Burke,6,Baltimore Ravens,BAL,AFC,NORTH,Linebacker,45,Active
13875267,Ethan,Downs,Ethan Downs,14,Kansas City Chiefs,KC,AFC,WEST,Linebacker,40,Active
279383,Ethan,Driskell,Ethan Driskell,14,Kansas City Chiefs,KC,AFC,WEST,Offensive Tackle,75,Active
7704,Ethan,Evans,Ethan Evans,32,Los Angeles Rams,LAR,NFC,WEST,Punter,42,Active
33935242,Ethan,Onianwa,Ethan Onianwa,27,Atlanta Falcons,ATL,NFC,SOUTH,Offensive Tackle,75,Active
67921,Ethan,Pocic,Ethan Pocic,6,Baltimore Ravens,BAL,AFC,NORTH,Center,77,Active
13875269,Eugene,Asante,Eugene Asante,33,Arizona Cardinals,ARI,NFC,WEST,Linebacker,48,Active
236331,Evan,Brown,Evan Brown,10,Houston Texans,HOU,AFC,SOUTH,Guard,67,Active
281726,Evan,Deckers,Evan Deckers,28,Tampa Bay Buccaneers,TB,NFC,SOUTH,Long Snapper,86,Active
836,Evan,Engram,Evan Engram,15,Denver Broncos,DEN,AFC,WEST,Tight End,1,Active
767,Evan,Hull,Evan Hull,33,Arizona Cardinals,ARI,NFC,WEST,Running Back,43,Active
7544,Evan,McPherson,Evan McPherson,9,Cincinnati Bengals,CIN,AFC,NORTH,Place kicker,2,Active
83946,Evan,Neal,Evan Neal,16,Las Vegas Raiders,LV,AFC,WEST,Guard,,Active
33934872,Evan,Svoboda,Evan Svoboda,17,Los Angeles Chargers,LAC,AFC,WEST,Tight End,49,Active
281372,Evan,Williams,Evan Williams,22,Green Bay Packers,GB,NFC,NORTH,Safety,33,Active
83655,Eyioma,Uwazurike,Eyioma Uwazurike,15,Denver Broncos,DEN,AFC,WEST,Defensive End,96,Active
2281,Ezra,Cleveland,Ezra Cleveland,13,Jacksonville Jaguars,JAX,AFC,SOUTH,Guard,76,Active
1829,Fabian,Moreau,Fabian Moreau,21,Washington Commanders,WSH,NFC,EAST,Cornerback,30,Active
13875411,Fadil,Diggs,Fadil Diggs,26,New Orleans Saints,NO,NFC,SOUTH,Defensive End,40,Active
33934804,Febechi,Nwaiwu,Febechi Nwaiwu,10,Houston Texans,HOU,AFC,SOUTH,Guard,64,Active
13874466,Federico,Maranges,Federico Maranges,31,Seattle Seahawks,SEA,NFC,WEST,Center,62,Active
78264,Feleipe,Franks,Feleipe Franks,29,Carolina Panthers,CAR,NFC,SOUTH,Tight End,81,Active
1711,Felix,Anudike-Uzomah,Felix Anudike-Uzomah,14,Kansas City Chiefs,KC,AFC,WEST,Defensive End,91,Active
33935079,Fernando,Carmona,Fernando Carmona,11,Tennessee Titans,TEN,AFC,SOUTH,Guard,66,Active
33934106,Fernando,Mendoza,Fernando Mendoza,16,Las Vegas Raiders,LV,AFC,WEST,Quarterback,15,Active
1879,Folorunso,Fatukasi,Folorunso Fatukasi,16,Las Vegas Raiders,LV,AFC,WEST,Defensive Tackle,94,Active
1004,Foster,Moreau,Foster Moreau,10,Houston Texans,HOU,AFC,SOUTH,Tight End,87,Active
279600,Foster,Sarell,Foster Sarell,30,San Francisco 49ers,SF,NFC,WEST,Offensive Tackle,,Active
1472,Foyesade,Oluokun,Foyesade Oluokun,13,Jacksonville Jaguars,JAX,AFC,SOUTH,Linebacker,23,Active
33935091,Francis,Mauigoa,Francis Mauigoa,20,New York Giants,NYG,NFC,EAST,Offensive Tackle,65,Active
279533,Frank,Crum,Frank Crum,15,Denver Broncos,DEN,AFC,WEST,Offensive Tackle,73,Active
279708,Frank,Gore Jr.,Frank Gore Jr.,3,Buffalo Bills,BUF,AFC,EAST,Running Back,20,Active
1370,Frankie,Luvu,Frankie Luvu,21,Washington Commanders,WSH,NFC,EAST,Linebacker,4,Active
33936085,Fred,Davis II,Fred Davis II,21,Washington Commanders,WSH,NFC,EAST,Cornerback,38,Active
77014,Fred,Johnson,Fred Johnson,18,Philadelphia Eagles,PHI,NFC,EAST,Offensive Tackle,74,Active
1478,Fred,Warner,Fred Warner,30,San Francisco 49ers,SF,NFC,WEST,Linebacker,54,Active
282039,Gabe,Hall,Gabe Hall,18,Philadelphia Eagles,PHI,NFC,EAST,Defensive Tackle,96,Active
33935767,Gabe,Jacas,Gabe Jacas,1,New England Patriots,NE,AFC,EAST,Linebacker,50,Active
33935437,Gabriel,Rubio,Gabriel Rubio,7,Pittsburgh Steelers,PIT,AFC,NORTH,Defensive End,96,Active
65,Gardner,Minshew II,Gardner Minshew II,33,Arizona Cardinals,ARI,NFC,WEST,Quarterback,15,Active
67683,Garett,Bolles,Garett Bolles,15,Denver Broncos,DEN,AFC,WEST,Offensive Tackle,72,Active
13878486,Garmon,Randolph,Garmon Randolph,9,Cincinnati Bengals,CIN,AFC,NORTH,Defensive End,,Active
2355,Garret,Wallow,Garret Wallow,30,San Francisco 49ers,SF,NFC,WEST,Linebacker,49,Active
72614,Garrett,Bradbury,Garrett Bradbury,24,Chicago Bears,CHI,NFC,NORTH,Center,67,Active
13874746,Garrett,Dellinger,Garrett Dellinger,11,Tennessee Titans,TEN,AFC,SOUTH,Guard,71,Active
33935151,Garrett,DiGiorgio,Garrett DiGiorgio,13,Jacksonville Jaguars,JAX,AFC,SOUTH,Offensive Tackle,74,Active
13874134,Garrett,Greene,Garrett Greene,28,Tampa Bay Buccaneers,TB,NFC,SOUTH,Wide Receiver,85,Active
33934037,Garrett,Nussmeier,Garrett Nussmeier,14,Kansas City Chiefs,KC,AFC,WEST,Quarterback,14,Active
2698,Garrett,Williams,Garrett Williams,33,Arizona Cardinals,ARI,NFC,WEST,Cornerback,21,Active
115,Garrett,Wilson,Garrett Wilson,4,New York Jets,NYJ,AFC,EAST,Wide Receiver,5,Active
33944175,Gary,Jennings,Gary Jennings,17,Los Angeles Chargers,LAC,AFC,WEST,Wide Receiver,87,Active
33935912,Gary,Smith III,Gary Smith III,16,Las Vegas Raiders,LV,AFC,WEST,Defensive Tackle,75,Active
13874590,Gavin,Bartholomew,Gavin Bartholomew,23,Minnesota Vikings,MIN,NFC,NORTH,Tight End,86,Active
33938740,Gavin,Ortega,Gavin Ortega,15,Denver Broncos,DEN,AFC,WEST,Offensive Tackle,68,Active
33936735,Genesis,Smith,Genesis Smith,17,Los Angeles Chargers,LAC,AFC,WEST,Safety,22,Active
33934977,Gennings,Dunker,Gennings Dunker,7,Pittsburgh Steelers,PIT,AFC,NORTH,Guard,73,Active
50,Geno,Smith,Geno Smith,4,New York Jets,NYJ,AFC,EAST,Quarterback,7,Active
2317,Geno,Stone,Geno Stone,3,Buffalo Bills,BUF,AFC,EAST,Safety,25,Active
33938355,Geno,VanDeMark,Geno VanDeMark,20,New York Giants,NYG,NFC,EAST,Offensive Lineman,69,Active
33936144,George,Gumbs Jr.,George Gumbs Jr.,12,Indianapolis Colts,IND,AFC,SOUTH,Linebacker,52,Active
278427,George,Holani,George Holani,31,Seattle Seahawks,SEA,NFC,WEST,Running Back,36,Active
1312,George,Karlaftis,George Karlaftis,14,Kansas City Chiefs,KC,AFC,WEST,Defensive End,56,Active
754,George,Kittle,George Kittle,30,San Francisco 49ers,SF,NFC,WEST,Tight End,85,Active
1901,George,Odum,George Odum,10,Houston Texans,HOU,AFC,SOUTH,Safety,36,Active
684,George,Pickens,George Pickens,19,Dallas Cowboys,DAL,NFC,EAST,Wide Receiver,3,Active
13875065,Gerad,Lichtenhan,Gerad Lichtenhan,6,Baltimore Ravens,BAL,AFC,NORTH,Offensive Tackle,78,Active
33934318,Germie,Bernard,Germie Bernard,7,Pittsburgh Steelers,PIT,AFC,NORTH,Wide Receiver,17,Active
2092,Geron,Christian,Geron Christian,13,Jacksonville Jaguars,JAX,AFC,SOUTH,Offensive Tackle,61,Active
1487,Gervon,Dexter Sr.,Gervon Dexter Sr.,27,Atlanta Falcons,ATL,NFC,SOUTH,Defensive Tackle,,Active
280489,Giovanni,Manu,Giovanni Manu,25,Detroit Lions,DET,NFC,NORTH,Offensive Tackle,59,Active
366126,Gottlieb,Ayedze,Gottlieb Ayedze,5,Miami Dolphins,MIA,AFC,EAST,Offensive Tackle,72,Active
33935963,Gracen,Halton,Gracen Halton,30,San Francisco 49ers,SF,NFC,WEST,Defensive Tackle,93,Active
1535,Grady,Jarrett,Grady Jarrett,24,Chicago Bears,CHI,NFC,NORTH,Defensive End,50,Active
280353,Graham,Barton,Graham Barton,28,Tampa Bay Buccaneers,TB,NFC,SOUTH,Center,62,Active
13873773,Graham,Mertz,Graham Mertz,10,Houston Texans,HOU,AFC,SOUTH,Quarterback,18,Active
1156,Grant,Calcaterra,Grant Calcaterra,18,Philadelphia Eagles,PHI,NFC,EAST,Tight End,81,Active
1549,Grant,Delpit,Grant Delpit,8,Cleveland Browns,CLE,AFC,NORTH,Safety,9,Active
34099249,Grant,Finley,Grant Finley,20,New York Giants,NYG,NFC,EAST,Fullback,47,Active
2302,Grant,Stuard,Grant Stuard,32,Los Angeles Rams,LAR,NFC,WEST,Linebacker,44,Active
13878701,Greedy,Vance,Greedy Vance,16,Las Vegas Raiders,LV,AFC,WEST,Cornerback,22,Active
33934112,Greg,Desrosiers Jr.,Greg Desrosiers Jr.,17,Los Angeles Chargers,LAC,AFC,WEST,Running Back,31,Active
738,Greg,Dortch,Greg Dortch,3,Buffalo Bills,BUF,AFC,EAST,Wide Receiver,,Active
1188,Greg,Dulcich,Greg Dulcich,5,Miami Dolphins,MIA,AFC,EAST,Tight End,85,Active
1600,Greg,Gaines,Greg Gaines,3,Buffalo Bills,BUF,AFC,EAST,Defensive Tackle,97,Active
1704,Greg,Newsome II,Greg Newsome II,20,New York Giants,NYG,NFC,EAST,Cornerback,20,Active
1388,Greg,Rousseau,Greg Rousseau,3,Buffalo Bills,BUF,AFC,EAST,Linebacker,15,Active
1247,Greg,Van Roten,Greg Van Roten,1,New England Patriots,NE,AFC,EAST,Guard,70,Active
13874862,Grey,Zabel,Grey Zabel,31,Seattle Seahawks,SEA,NFC,WEST,Guard,76,Active
1692,Grover,Stewart,Grover Stewart,12,Indianapolis Colts,IND,AFC,SOUTH,Defensive Tackle,90,Active
13874439,Gunnar,Helm,Gunnar Helm,11,Tennessee Titans,TEN,AFC,SOUTH,Tight End,84,Active
1283,Gunner,Olszewski,Gunner Olszewski,20,New York Giants,NYG,NFC,EAST,Wide Receiver,80,Active
13874698,Harold,Fannin Jr.,Harold Fannin Jr.,8,Cleveland Browns,CLE,AFC,NORTH,Tight End,44,Active
1310,Harold,Landry III,Harold Landry III,1,New England Patriots,NE,AFC,EAST,Linebacker,2,Active
33935849,Harold,Perkins Jr.,Harold Perkins Jr.,27,Atlanta Falcons,ATL,NFC,SOUTH,Linebacker,56,Active
7519,Harrison,Butker,Harrison Butker,14,Kansas City Chiefs,KC,AFC,WEST,Place kicker,7,Active
13880631,Harrison,Mevis,Harrison Mevis,32,Los Angeles Rams,LAR,NFC,WEST,Place kicker,92,Active
1447,Harrison,Phillips,Harrison Phillips,4,New York Jets,NYJ,AFC,EAST,Defensive Tackle,97,Active
1439,Harrison,Smith,Harrison Smith,23,Minnesota Vikings,MIN,NFC,NORTH,Safety,22,Active
33934739,Harrison,Wallace III,Harrison Wallace III,33,Arizona Cardinals,ARI,NFC,WEST,Wide Receiver,30,Active
81729,Hassan,Haskins,Hassan Haskins,1,New England Patriots,NE,AFC,EAST,Running Back,26,Active
13874756,Hayden,Conner,Hayden Conner,33,Arizona Cardinals,ARI,NFC,WEST,Guard,58,Active
33934749,Hayden,Large,Hayden Large,24,Chicago Bears,CHI,NFC,NORTH,Tight End,43,Active
281992,Hayden,Rucci,Hayden Rucci,13,Jacksonville Jaguars,JAX,AFC,SOUTH,Tight End,,Active
33934041,Haynes,King,Haynes King,29,Carolina Panthers,CAR,NFC,SOUTH,Quarterback,16,Active
279769,Hendon,Hooker,Hendon Hooker,11,Tennessee Titans,TEN,AFC,SOUTH,Quarterback,16,Active
281681,Henry,Byrd,Henry Byrd,23,Minnesota Vikings,MIN,NFC,NORTH,Guard,68,Active
33938462,Henry,Lutovsky,Henry Lutovsky,28,Tampa Bay Buccaneers,TB,NFC,SOUTH,Guard,61,Active
2625,Henry,To'oTo'o,Henry To'oTo'o,10,Houston Texans,HOU,AFC,SOUTH,Linebacker,39,Active
33936230,Hezekiah,Masses,Hezekiah Masses,16,Las Vegas Raiders,LV,AFC,WEST,Cornerback,35,Active
266960,Hjalte,Froholdt,Hjalte Froholdt,33,Arizona Cardinals,ARI,NFC,WEST,Center,72,Active
281590,Hogan,Hatten,Hogan Hatten,25,Detroit Lions,DET,NFC,NORTH,Long Snapper,49,Active
666,Hollywood,Brown,Hollywood Brown,18,Philadelphia Eagles,PHI,NFC,EAST,Wide Receiver,0,Active
13875412,Howard,Cross III,Howard Cross III,9,Cincinnati Bengals,CIN,AFC,NORTH,Defensive Tackle,95,Active
911,Hunter,Henry,Hunter Henry,1,New England Patriots,NE,AFC,EAST,Tight End,85,Active
2294,Hunter,Long,Hunter Long,33,Arizona Cardinals,ARI,NFC,WEST,Tight End,,Active
680,Hunter,Luepke,Hunter Luepke,19,Dallas Cowboys,DAL,NFC,EAST,Fullback,30,Active
279378,Hunter,Nourzad,Hunter Nourzad,14,Kansas City Chiefs,KC,AFC,WEST,Center,64,Active
13880669,Hunter,Wohler,Hunter Wohler,12,Indianapolis Colts,IND,AFC,SOUTH,Safety,30,Active
1131,Ian,Thomas,Ian Thomas,16,Las Vegas Raiders,LV,AFC,WEST,Tight End,80,Active
1457,Ifeatu,Melifonwu,Ifeatu Melifonwu,28,Tampa Bay Buccaneers,TB,NFC,SOUTH,Safety,35,Active
600,Ihmir,Smith-Marsette,Ihmir Smith-Marsette,33,Arizona Cardinals,ARI,NFC,WEST,Wide Receiver,9,Active
2645,Ikem,Ekwonu,Ikem Ekwonu,29,Carolina Panthers,CAR,NFC,SOUTH,Offensive Tackle,79,Active
1272,Irv,Charles,Irv Charles,31,Seattle Seahawks,SEA,NFC,WEST,Wide Receiver,85,Active
366306,Isaac,Alarcon,Isaac Alarcon,30,San Francisco 49ers,SF,NFC,WEST,Offensive Tackle,67,Active
279760,Isaac,Guerendo,Isaac Guerendo,30,San Francisco 49ers,SF,NFC,WEST,Running Back,31,Active
67447,Isaac,Seumalo,Isaac Seumalo,33,Arizona Cardinals,ARI,NFC,WEST,Guard,73,Active
13874399,Isaac,TeSlaa,Isaac TeSlaa,25,Detroit Lions,DET,NFC,NORTH,Wide Receiver,18,Active
1993,Isaac,Yiadom,Isaac Yiadom,21,Washington Commanders,WSH,NFC,EAST,Cornerback,,Active
280312,Isaiah,Adams,Isaiah Adams,33,Arizona Cardinals,ARI,NFC,WEST,Guard,74,Active
13882104,Isaiah,Bond,Isaiah Bond,8,Cleveland Browns,CLE,AFC,NORTH,Wide Receiver,0,Active
279853,Isaiah,Davis,Isaiah Davis,4,New York Jets,NYJ,AFC,EAST,Running Back,32,Active
1709,Isaiah,Foskey,Isaiah Foskey,9,Cincinnati Bengals,CIN,AFC,NORTH,Defensive End,51,Active
279355,Isaiah,Iton,Isaiah Iton,1,New England Patriots,NE,AFC,EAST,Defensive Tackle,62,Active
1674,Isaiah,Land,Isaiah Land,19,Dallas Cowboys,DAL,NFC,EAST,Linebacker,58,Active
917,Isaiah,Likely,Isaiah Likely,20,New York Giants,NYG,NFC,EAST,Tight End,9,Active
1694,Isaiah,McDuffie,Isaiah McDuffie,22,Green Bay Packers,GB,NFC,NORTH,Linebacker,58,Active
1666,Isaiah,McGuire,Isaiah McGuire,8,Cleveland Browns,CLE,AFC,NORTH,Defensive End,57,Active
13874328,Isaiah,Neyor,Isaiah Neyor,22,Green Bay Packers,GB,NFC,NORTH,Wide Receiver,80,Active
1642,Isaiah,Pola-Mao,Isaiah Pola-Mao,16,Las Vegas Raiders,LV,AFC,WEST,Safety,20,Active
77225,Isaiah,Rodgers,Isaiah Rodgers,23,Minnesota Vikings,MIN,NFC,NORTH,Cornerback,2,Active
1613,Isaiah,Simmons,Isaiah Simmons,29,Carolina Panthers,CAR,NFC,SOUTH,Safety,27,Active
280931,Isaiah,Stalbird,Isaiah Stalbird,26,New Orleans Saints,NO,NFC,SOUTH,Linebacker,44,Active
280155,Isaiah,Williams,Isaiah Williams,4,New York Jets,NYJ,AFC,EAST,Wide Receiver,18,Active
33935473,Isaiah,World,Isaiah World,17,Los Angeles Chargers,LAC,AFC,WEST,Offensive Tackle,67,Active
478,Isiah,Pacheco,Isiah Pacheco,25,Detroit Lions,DET,NFC,NORTH,Running Back,10,Active
603,Israel,Abanikanda,Israel Abanikanda,19,Dallas Cowboys,DAL,NFC,EAST,Running Back,30,Active
1488,Ivan,Pace Jr.,Ivan Pace Jr.,23,Minnesota Vikings,MIN,NFC,NORTH,Linebacker,0,Active
33934382,J. Michael,Sturdivant,J. Michael Sturdivant,22,Green Bay Packers,GB,NFC,NORTH,Wide Receiver,87,Active
33935046,J.C.,Davis,J.C. Davis,20,New York Giants,NYG,NFC,EAST,Offensive Tackle,74,Active
281375,J.J.,McCarthy,J.J. McCarthy,23,Minnesota Vikings,MIN,NFC,NORTH,Quarterback,9,Active
669,J.K.,Dobbins,J.K. Dobbins,15,Denver Broncos,DEN,AFC,WEST,Running Back,27,Active
33934252,J'Mari,Taylor,J'Mari Taylor,13,Jacksonville Jaguars,JAX,AFC,SOUTH,Running Back,30,Active
33934304,Ja'Kobi,Lane,Ja'Kobi Lane,6,Baltimore Ravens,BAL,AFC,NORTH,Wide Receiver,6,Active
83671,Ja'Marcus,Ingram,Ja'Marcus Ingram,10,Houston Texans,HOU,AFC,SOUTH,Cornerback,20,Active
11,Ja'Marr,Chase,Ja'Marr Chase,9,Cincinnati Bengals,CIN,AFC,NORTH,Wide Receiver,1,Active
33934335,Ja'Mori,Maclin,Ja'Mori Maclin,3,Buffalo Bills,BUF,AFC,EAST,Wide Receiver,84,Active
1530,Ja'Quan,McMillian,Ja'Quan McMillian,15,Denver Broncos,DEN,AFC,WEST,Cornerback,29,Active
13882152,Ja'seem,Reed,Ja'seem Reed,29,Carolina Panthers,CAR,NFC,SOUTH,Wide Receiver,86,Active
2305,Ja'Sir,Taylor,Ja'Sir Taylor,9,Cincinnati Bengals,CIN,AFC,NORTH,Cornerback,26,Active
277937,Ja'Tavion,Sanders,Ja'Tavion Sanders,29,Carolina Panthers,CAR,NFC,SOUTH,Tight End,0,Active
13878605,Jabbar,Muhammad,Jabbar Muhammad,13,Jacksonville Jaguars,JAX,AFC,SOUTH,Cornerback,37,Active
13873892,Jacardia,Wright,Jacardia Wright,31,Seattle Seahawks,SEA,NFC,WEST,Running Back,31,Active
13874133,Jack,Bech,Jack Bech,16,Las Vegas Raiders,LV,AFC,WEST,Wide Receiver,18,Active
33936703,Jack,Bouwmeester,Jack Bouwmeester,32,Los Angeles Rams,LAR,NFC,WEST,Punter,14,Active
1531,Jack,Campbell,Jack Campbell,25,Detroit Lions,DET,NFC,NORTH,Linebacker,46,Active
2427,Jack,Cochrane,Jack Cochrane,14,Kansas City Chiefs,KC,AFC,WEST,Linebacker,43,Active
77110,Jack,Driscoll,Jack Driscoll,7,Pittsburgh Steelers,PIT,AFC,NORTH,Offensive Tackle,68,Active
33934542,Jack,Endries,Jack Endries,9,Cincinnati Bengals,CIN,AFC,NORTH,Tight End,84,Active
2090,Jack,Fox,Jack Fox,25,Detroit Lions,DET,NFC,NORTH,Punter,3,Active
1639,Jack,Gibbens,Jack Gibbens,33,Arizona Cardinals,ARI,NFC,WEST,Linebacker,50,Active
2240,Jack,Heflin,Jack Heflin,4,New York Jets,NYJ,AFC,EAST,Defensive Tackle,96,Active
2185,Jack,Jones,Jack Jones,30,San Francisco 49ers,SF,NFC,WEST,Cornerback,25,Active
33935664,Jack,Kelly,Jack Kelly,20,New York Giants,NYG,NFC,EAST,Linebacker,51,Active
13878305,Jack,Kiser,Jack Kiser,13,Jacksonville Jaguars,JAX,AFC,SOUTH,Linebacker,54,Active
13875066,Jack,Nelson,Jack Nelson,23,Minnesota Vikings,MIN,NFC,NORTH,Offensive Tackle,,Active
33935256,Jack,Pyburn,Jack Pyburn,14,Kansas City Chiefs,KC,AFC,WEST,Linebacker,,Active
1656,Jack,Sanborn,Jack Sanborn,24,Chicago Bears,CHI,NFC,NORTH,Linebacker,57,Active
13878878,Jack,Sawyer,Jack Sawyer,7,Pittsburgh Steelers,PIT,AFC,NORTH,Linebacker,33,Active
33934120,Jack,Strand,Jack Strand,27,Atlanta Falcons,ATL,NFC,SOUTH,Quarterback,18,Active
33938003,Jack,Velling,Jack Velling,27,Atlanta Falcons,ATL,NFC,SOUTH,Tight End,84,Active
366132,Jack,Westover,Jack Westover,21,Washington Commanders,WSH,NFC,EAST,Tight End,,Active
33935781,Jackie,Marshall,Jackie Marshall,11,Tennessee Titans,TEN,AFC,SOUTH,Defensive Tackle,96,Active
13874537,Jackson,Hawes,Jackson Hawes,3,Buffalo Bills,BUF,AFC,EAST,Tight End,85,Active
33936184,Jackson,Kuwatch,Jackson Kuwatch,29,Carolina Panthers,CAR,NFC,SOUTH,Linebacker,46,Active
13874257,Jackson,Meeks,Jackson Meeks,25,Detroit Lions,DET,NFC,NORTH,Wide Receiver,13,Active
279454,Jackson,Powers-Johnson,Jackson Powers-Johnson,16,Las Vegas Raiders,LV,AFC,WEST,Guard,58,Active
282032,Jackson,Sirmon,Jackson Sirmon,26,New Orleans Saints,NO,NFC,SOUTH,Linebacker,47,Active
13874767,Jackson,Slater,Jackson Slater,11,Tennessee Titans,TEN,AFC,SOUTH,Guard,64,Active
13878730,Jackson,Woodard,Jackson Woodard,5,Miami Dolphins,MIA,AFC,EAST,Linebacker,42,Active
13874583,Jacob,Bayer,Jacob Bayer,9,Cincinnati Bengals,CIN,AFC,NORTH,Center,69,Active
280038,Jacob,Cowing,Jacob Cowing,30,San Francisco 49ers,SF,NFC,WEST,Wide Receiver,6,Active
1502,Jacob,Martin,Jacob Martin,11,Tennessee Titans,TEN,AFC,SOUTH,Defensive End,57,Active
280253,Jacob,Monk,Jacob Monk,22,Green Bay Packers,GB,NFC,NORTH,Center,62,Active
13878806,Jacob,Parrish,Jacob Parrish,28,Tampa Bay Buccaneers,TB,NFC,SOUTH,Cornerback,25,Active
33938899,Jacob,Rizy,Jacob Rizy,1,New England Patriots,NE,AFC,EAST,Offensive Tackle,64,Active
33936190,Jacob,Rodriguez,Jacob Rodriguez,5,Miami Dolphins,MIA,AFC,EAST,Linebacker,10,Active
13881891,Jacob,Saylors,Jacob Saylors,25,Detroit Lions,DET,NFC,NORTH,Running Back,25,Active
33935064,Jacob,Spomer,Jacob Spomer,17,Los Angeles Chargers,LAC,AFC,WEST,Center,60,Active
33936146,Jacob,Thomas,Jacob Thomas,23,Minnesota Vikings,MIN,NFC,NORTH,Safety,39,Active
18,Jacoby,Brissett,Jacoby Brissett,33,Arizona Cardinals,ARI,NFC,WEST,Quarterback,7,Active
13874437,Jacoby,Jones,Jacoby Jones,21,Washington Commanders,WSH,NFC,EAST,Wide Receiver,84,Active
380726,Jacoby,Windmon,Jacoby Windmon,7,Pittsburgh Steelers,PIT,AFC,NORTH,Linebacker,53,Active
13874000,Jacory,Croskey-Merritt,Jacory Croskey-Merritt,21,Washington Commanders,WSH,NFC,EAST,Running Back,22,Active
33934144,Jadarian,Price,Jadarian Price,31,Seattle Seahawks,SEA,NFC,WEST,Running Back,8,Active
33934433,Jaden,Bradley,Jaden Bradley,21,Washington Commanders,WSH,NFC,EAST,Wide Receiver,86,Active
33936121,Jaden,Dugger,Jaden Dugger,30,San Francisco 49ers,SF,NFC,WEST,Linebacker,53,Active
279408,Jaden,Hicks,Jaden Hicks,14,Kansas City Chiefs,KC,AFC,WEST,Safety,21,Active
33939709,Jaden,Keller,Jaden Keller,4,New York Jets,NYJ,AFC,EAST,Linebacker,48,Active
1316,Jadeveon,Clowney,Jadeveon Clowney,10,Houston Texans,HOU,AFC,SOUTH,Defensive End,90,Active
33935919,Jadon,Canady,Jadon Canady,14,Kansas City Chiefs,KC,AFC,WEST,Cornerback,22,Active
1354,Jaelan,Phillips,Jaelan Phillips,29,Carolina Panthers,CAR,NFC,SOUTH,Linebacker,5,Active
33934716,Jager,Burton,Jager Burton,22,Green Bay Packers,GB,NFC,NORTH,Center,52,Active
892,Jahan,Dotson,Jahan Dotson,27,Atlanta Falcons,ATL,NFC,SOUTH,Wide Receiver,4,Active
13878724,Jahdae,Barron,Jahdae Barron,15,Denver Broncos,DEN,AFC,WEST,Cornerback,23,Active
13874605,Jahdae,Walker,Jahdae Walker,24,Chicago Bears,CHI,NFC,NORTH,Wide Receiver,9,Active
1597,Jahlani,Tavai,Jahlani Tavai,13,Jacksonville Jaguars,JAX,AFC,SOUTH,Linebacker,32,Active
477,Jahmyr,Gibbs,Jahmyr Gibbs,25,Detroit Lions,DET,NFC,NORTH,Running Back,0,Active
33939968,Jahquez,Robinson,Jahquez Robinson,6,Baltimore Ravens,BAL,AFC,NORTH,Safety,41,Active
13878052,Jahvaree,Ritzie,Jahvaree Ritzie,23,Minnesota Vikings,MIN,NFC,NORTH,Defensive End,96,Active
33935717,Jaishawn,Barham,Jaishawn Barham,19,Dallas Cowboys,DAL,NFC,EAST,Linebacker,55,Active
281565,Jake,Andrews,Jake Andrews,10,Houston Texans,HOU,AFC,SOUTH,Center,60,Active
7638,Jake,Bailey,Jake Bailey,27,Atlanta Falcons,ATL,NFC,SOUTH,Punter,16,Active
278253,Jake,Bates,Jake Bates,25,Detroit Lions,DET,NFC,NORTH,Place kicker,39,Active
751,Jake,Bobo,Jake Bobo,31,Seattle Seahawks,SEA,NFC,WEST,Wide Receiver,19,Active
1805,Jake,Brendel,Jake Brendel,30,San Francisco 49ers,SF,NFC,WEST,Center,64,Active
13874589,Jake,Briningstool,Jake Briningstool,14,Kansas City Chiefs,KC,AFC,WEST,Tight End,88,Active
80265,Jake,Curhan,Jake Curhan,29,Carolina Panthers,CAR,NFC,SOUTH,Offensive Tackle,71,Active
7517,Jake,Elliott,Jake Elliott,18,Philadelphia Eagles,PHI,NFC,EAST,Place kicker,4,Active
853,Jake,Ferguson,Jake Ferguson,19,Dallas Cowboys,DAL,NFC,EAST,Tight End,87,Active
33935353,Jake,Golday,Jake Golday,23,Minnesota Vikings,MIN,NFC,NORTH,Linebacker,41,Active
277920,Jake,Haener,Jake Haener,20,New York Giants,NYG,NFC,EAST,Quarterback,2,Active
2154,Jake,Hansen,Jake Hansen,10,Houston Texans,HOU,AFC,SOUTH,Linebacker,35,Active
2337,Jake,Hummel,Jake Hummel,10,Houston Texans,HOU,AFC,SOUTH,Linebacker,33,Active
280522,Jake,Kubas,Jake Kubas,1,New England Patriots,NE,AFC,EAST,Guard,,Active
13874549,Jake,Majors,Jake Majors,18,Philadelphia Eagles,PHI,NFC,EAST,Center,75,Active
58036,Jake,Matthews,Jake Matthews,27,Atlanta Falcons,ATL,NFC,SOUTH,Offensive Tackle,70,Active
33935041,Jake,Slaughter,Jake Slaughter,17,Los Angeles Chargers,LAC,AFC,WEST,Center,66,Active
82472,Jake,Tonges,Jake Tonges,30,San Francisco 49ers,SF,NFC,WEST,Tight End,88,Active
13878608,Jakob,Robinson,Jakob Robinson,30,San Francisco 49ers,SF,NFC,WEST,Cornerback,43,Active
33936182,Jakobe,Thomas,Jakobe Thomas,23,Minnesota Vikings,MIN,NFC,NORTH,Safety,8,Active
37,Jakobi,Meyers,Jakobi Meyers,13,Jacksonville Jaguars,JAX,AFC,SOUTH,Wide Receiver,3,Active
2723,Jakorian,Bennett,Jakorian Bennett,18,Philadelphia Eagles,PHI,NFC,EAST,Cornerback,23,Active
513,Jaleel,McLaughlin,Jaleel McLaughlin,8,Cleveland Browns,CLE,AFC,NORTH,Running Back,,Active
1119,Jalen,Brooks,Jalen Brooks,33,Arizona Cardinals,ARI,NFC,WEST,Wide Receiver,86,Active
1365,Jalen,Carter,Jalen Carter,18,Philadelphia Eagles,PHI,NFC,EAST,Defensive Tackle,98,Active
364100,Jalen,Coker,Jalen Coker,29,Carolina Panthers,CAR,NFC,SOUTH,Wide Receiver,18,Active
2009,Jalen,Davis,Jalen Davis,9,Cincinnati Bengals,CIN,AFC,NORTH,Cornerback,35,Active
33934922,Jalen,Farmer,Jalen Farmer,12,Indianapolis Colts,IND,AFC,SOUTH,Guard,62,Active
2705,Jalen,Graham,Jalen Graham,30,San Francisco 49ers,SF,NFC,WEST,Linebacker,41,Active
280165,Jalen,Hurd,Jalen Hurd,1,New England Patriots,NE,AFC,EAST,Wide Receiver,13,Active
43,Jalen,Hurts,Jalen Hurts,18,Philadelphia Eagles,PHI,NFC,EAST,Quarterback,1,Active
33936456,Jalen,Huskey,Jalen Huskey,13,Jacksonville Jaguars,JAX,AFC,SOUTH,Safety,22,Active
13878361,Jalen,McLeod,Jalen McLeod,13,Jacksonville Jaguars,JAX,AFC,SOUTH,Linebacker,35,Active
278133,Jalen,McMillan,Jalen McMillan,28,Tampa Bay Buccaneers,TB,NFC,SOUTH,Wide Receiver,11,Active
33936500,Jalen,McMurray,Jalen McMurray,11,Tennessee Titans,TEN,AFC,SOUTH,Cornerback,16,Active
13873804,Jalen,Milroe,Jalen Milroe,31,Seattle Seahawks,SEA,NFC,WEST,Quarterback,6,Active
366145,Jalen,Moreno-Cropper,Jalen Moreno-Cropper,26,New Orleans Saints,NO,NFC,SOUTH,Wide Receiver,85,Active
1179,Jalen,Nailor,Jalen Nailor,16,Las Vegas Raiders,LV,AFC,WEST,Wide Receiver,9,Active
2336,Jalen,Pitre,Jalen Pitre,10,Houston Texans,HOU,AFC,SOUTH,Safety,5,Active
1885,Jalen,Ramsey,Jalen Ramsey,7,Pittsburgh Steelers,PIT,AFC,NORTH,Cornerback,5,Active
687,Jalen,Reagor,Jalen Reagor,5,Miami Dolphins,MIA,AFC,EAST,Wide Receiver,17,Active
280618,Jalen,Redmond,Jalen Redmond,23,Minnesota Vikings,MIN,NFC,NORTH,Defensive Tackle,61,Active
13874993,Jalen,Rivers,Jalen Rivers,9,Cincinnati Bengals,CIN,AFC,NORTH,Guard,74,Active
13874426,Jalen,Royals,Jalen Royals,14,Kansas City Chiefs,KC,AFC,WEST,Wide Receiver,11,Active
33936689,Jalen,Stroman,Jalen Stroman,30,San Francisco 49ers,SF,NFC,WEST,Safety,38,Active
278463,Jalen,Sundell,Jalen Sundell,31,Seattle Seahawks,SEA,NFC,WEST,Center,61,Active
1625,Jalen,Thompson,Jalen Thompson,19,Dallas Cowboys,DAL,NFC,EAST,Safety,34,Active
961,Jalen,Tolbert,Jalen Tolbert,5,Miami Dolphins,MIA,AFC,EAST,Wide Receiver,1,Active
13875098,Jalen,Travis,Jalen Travis,12,Indianapolis Colts,IND,AFC,SOUTH,Offensive Tackle,75,Active
926,Jalin,Hyatt,Jalin Hyatt,20,New York Giants,NYG,NFC,EAST,Wide Receiver,13,Active
33934062,Jalon,Daniels,Jalon Daniels,28,Tampa Bay Buccaneers,TB,NFC,SOUTH,Quarterback,10,Active
33936527,Jalon,Kilgore,Jalon Kilgore,3,Buffalo Bills,BUF,AFC,EAST,Safety,29,Active
1593,Jalyn,Holmes,Jalyn Holmes,11,Tennessee Titans,TEN,AFC,SOUTH,Defensive End,97,Active
281047,Jalyx,Hunt,Jalyx Hunt,18,Philadelphia Eagles,PHI,NFC,EAST,Linebacker,58,Active
13874451,Jamaal,Pritchett,Jamaal Pritchett,4,New York Jets,NYJ,AFC,EAST,Wide Receiver,81,Active
1950,Jamal,Adams,Jamal Adams,23,Minnesota Vikings,MIN,NFC,NORTH,Linebacker,32,Active
279118,Jamal,Hill,Jamal Hill,10,Houston Texans,HOU,AFC,SOUTH,Linebacker,56,Active
13875345,Jamaree,Caldwell,Jamaree Caldwell,17,Los Angeles Chargers,LAC,AFC,WEST,Defensive Tackle,99,Active
278589,Jamari,Thrash,Jamari Thrash,8,Cleveland Browns,CLE,AFC,NORTH,Wide Receiver,80,Active
86,Jameis,Winston,Jameis Winston,20,New York Giants,NYG,NFC,EAST,Quarterback,19,Active
2055,Jamel,Dean,Jamel Dean,7,Pittsburgh Steelers,PIT,AFC,NORTH,Cornerback,35,Active
33934824,James,Brockermeyer,James Brockermeyer,27,Atlanta Falcons,ATL,NFC,SOUTH,Center,66,Active
466,James,Conner,James Conner,33,Arizona Cardinals,ARI,NFC,WEST,Running Back,6,Active
464,James,Cook III,James Cook III,3,Buffalo Bills,BUF,AFC,EAST,Running Back,4,Active
366092,James,Ester,James Ester,5,Miami Dolphins,MIA,AFC,EAST,Guard,65,Active
2321,James,Houston,James Houston,19,Dallas Cowboys,DAL,NFC,EAST,Linebacker,41,Active
2439,James,Hudson III,James Hudson III,11,Tennessee Titans,TEN,AFC,SOUTH,Offensive Tackle,,Active
76224,James,Lynch,James Lynch,24,Chicago Bears,CHI,NFC,NORTH,Defensive Tackle,97,Active
1181,James,Mitchell,James Mitchell,19,Dallas Cowboys,DAL,NFC,EAST,Tight End,,Active
33935088,James,Neal III,James Neal III,10,Houston Texans,HOU,AFC,SOUTH,Offensive Tackle,70,Active
13878635,James,Pearce Jr.,James Pearce Jr.,27,Atlanta Falcons,ATL,NFC,SOUTH,Linebacker,27,Active
2447,James,Pierre,James Pierre,23,Minnesota Vikings,MIN,NFC,NORTH,Cornerback,23,Active
33936040,James,Thompson Jr.,James Thompson Jr.,30,San Francisco 49ers,SF,NFC,WEST,Defensive Tackle,75,Active
279327,James,Williams Sr.,James Williams Sr.,11,Tennessee Titans,TEN,AFC,SOUTH,Linebacker,52,Active
1754,James,Winchester,James Winchester,14,Kansas City Chiefs,KC,AFC,WEST,Long Snapper,41,Active
33934888,Jameson,Geers,Jameson Geers,33,Arizona Cardinals,ARI,NFC,WEST,Tight End,46,Active
656,Jameson,Williams,Jameson Williams,25,Detroit Lions,DET,NFC,NORTH,Wide Receiver,1,Active
278505,Jamie,Sheriff,Jamie Sheriff,32,Los Angeles Rams,LAR,NFC,WEST,Linebacker,,Active
2507,Jamien,Sherwood,Jamien Sherwood,4,New York Jets,NYJ,AFC,EAST,Linebacker,44,Active
2676,Jammie,Robinson,Jammie Robinson,27,Atlanta Falcons,ATL,NFC,SOUTH,Safety,34,Active
364821,Jamree,Kromah,Jamree Kromah,24,Chicago Bears,CHI,NFC,NORTH,Defensive End,59,Active
1672,Jaquan,Brisker,Jaquan Brisker,7,Pittsburgh Steelers,PIT,AFC,NORTH,Safety,3,Active
13878464,Jared,Bartlett,Jared Bartlett,13,Jacksonville Jaguars,JAX,AFC,SOUTH,Linebacker,45,Active
32,Jared,Goff,Jared Goff,25,Detroit Lions,DET,NFC,NORTH,Quarterback,16,Active
13878219,Jared,Ivey,Jared Ivey,27,Atlanta Falcons,ATL,NFC,SOUTH,Linebacker,,Active
278249,Jared,Verse,Jared Verse,8,Cleveland Browns,CLE,AFC,NORTH,Defensive End,8,Active
540610,Jared,Wayne,Jared Wayne,10,Houston Texans,HOU,AFC,SOUTH,Wide Receiver,89,Active
279375,Jared,Wiley,Jared Wiley,14,Kansas City Chiefs,KC,AFC,WEST,Tight End,12,Active
13874994,Jared,Wilson,Jared Wilson,1,New England Patriots,NE,AFC,EAST,Center,55,Active
33934840,Jaren,Kanak,Jaren Kanak,11,Tennessee Titans,TEN,AFC,SOUTH,Tight End,81,Active
13873916,Jarquez,Hunter,Jarquez Hunter,5,Miami Dolphins,MIA,AFC,EAST,Running Back,31,Active
1343,Jarran,Reed,Jarran Reed,31,Seattle Seahawks,SEA,NFC,WEST,Defensive Tackle,90,Active
280372,Jarrett,Kingston,Jarrett Kingston,5,Miami Dolphins,MIA,AFC,EAST,Offensive Tackle,,Active
262492,Jarrett,Patterson,Jarrett Patterson,30,San Francisco 49ers,SF,NFC,WEST,Guard,54,Active
71,Jarrett,Stidham,Jarrett Stidham,15,Denver Broncos,DEN,AFC,WEST,Quarterback,8,Active
278364,Jarrian,Jones,Jarrian Jones,13,Jacksonville Jaguars,JAX,AFC,SOUTH,Cornerback,4,Active
2530,Jarrick,Bernard-Converse,Jarrick Bernard-Converse,20,New York Giants,NYG,NFC,EAST,Cornerback,35,Active
33938728,Jarrod,Gray,Jarrod Gray,20,New York Giants,NYG,NFC,EAST,Offensive Tackle,79,Active
277861,Jarvis,Brownlee Jr.,Jarvis Brownlee Jr.,4,New York Jets,NYJ,AFC,EAST,Cornerback,2,Active
13878612,Jason,Marshall Jr.,Jason Marshall Jr.,5,Miami Dolphins,MIA,AFC,EAST,Cornerback,33,Active
7509,Jason,Myers,Jason Myers,31,Seattle Seahawks,SEA,NFC,WEST,Place kicker,5,Active
1519,Jason,Pinnock,Jason Pinnock,20,New York Giants,NYG,NFC,EAST,Safety,25,Active
2002,Jason,Sanders,Jason Sanders,4,New York Jets,NYJ,AFC,EAST,Place kicker,19,Active
962,Jauan,Jennings,Jauan Jennings,23,Minnesota Vikings,MIN,NFC,NORTH,Wide Receiver,14,Active
33935766,Javin,Wright,Javin Wright,28,Tampa Bay Buccaneers,TB,NFC,SOUTH,Linebacker,48,Active
88202,Javon,Bullard,Javon Bullard,22,Green Bay Packers,GB,NFC,NORTH,Safety,7,Active
279169,Javon,Foster,Javon Foster,9,Cincinnati Bengals,CIN,AFC,NORTH,Offensive Tackle,73,Active
1342,Javon,Hargrave,Javon Hargrave,22,Green Bay Packers,GB,NFC,NORTH,Defensive Tackle,98,Active
1434,Javon,Kinlaw,Javon Kinlaw,21,Washington Commanders,WSH,NFC,EAST,Defensive Tackle,99,Active
279676,Javon,Solomon,Javon Solomon,3,Buffalo Bills,BUF,AFC,EAST,Linebacker,56,Active
278120,Javontae,Jean-Baptiste,Javontae Jean-Baptiste,21,Washington Commanders,WSH,NFC,EAST,Linebacker,41,Active
489,Javonte,Williams,Javonte Williams,19,Dallas Cowboys,DAL,NFC,EAST,Running Back,33,Active
74003,Jawaan,Taylor,Jawaan Taylor,27,Atlanta Falcons,ATL,NFC,SOUTH,Offensive Tackle,71,Active
586135,Jawhar,Jordan,Jawhar Jordan,10,Houston Texans,HOU,AFC,SOUTH,Running Back,25,Active
869,Jaxon,Smith-Njigba,Jaxon Smith-Njigba,31,Seattle Seahawks,SEA,NFC,WEST,Wide Receiver,11,Active
13873832,Jaxson,Dart,Jaxson Dart,20,New York Giants,NYG,NFC,EAST,Quarterback,6,Active
13877900,Jay,Higgins IV,Jay Higgins IV,6,Baltimore Ravens,BAL,AFC,NORTH,Linebacker,49,Active
2695,Jay,Ward,Jay Ward,23,Minnesota Vikings,MIN,NFC,NORTH,Safety,24,Active
33935991,Jay'viar,Suggs,Jay'viar Suggs,26,New Orleans Saints,NO,NFC,SOUTH,Defensive Tackle,62,Active
2553,Jaycee,Horn,Jaycee Horn,29,Carolina Panthers,CAR,NFC,SOUTH,Cornerback,8,Active
278124,Jayden,Daniels,Jayden Daniels,21,Washington Commanders,WSH,NFC,EAST,Quarterback,5,Active
13874239,Jayden,Higgins,Jayden Higgins,10,Houston Texans,HOU,AFC,SOUTH,Wide Receiver,81,Active
33935642,Jayden,Loving,Jayden Loving,24,Chicago Bears,CHI,NFC,NORTH,Defensive Tackle,91,Active
13878695,Jayden,Price,Jayden Price,26,New Orleans Saints,NO,NFC,SOUTH,Cornerback,38,Active
574,Jayden,Reed,Jayden Reed,22,Green Bay Packers,GB,NFC,NORTH,Wide Receiver,11,Active
33935623,Jayden,Williams,Jayden Williams,33,Arizona Cardinals,ARI,NFC,WEST,Offensive Tackle,66,Active
33934238,Jaydn,Ott,Jaydn Ott,14,Kansas City Chiefs,KC,AFC,WEST,Running Back,42,Active
13873932,Jaydon,Blue,Jaydon Blue,18,Philadelphia Eagles,PHI,NFC,EAST,Running Back,,Active
13875405,Jaylahn,Tuimoloau,Jaylahn Tuimoloau,12,Indianapolis Colts,IND,AFC,SOUTH,Defensive End,91,Active
280802,Jaylan,Ford,Jaylan Ford,26,New Orleans Saints,NO,NFC,SOUTH,Linebacker,53,Active
277865,Jaylen,Harrell,Jaylen Harrell,11,Tennessee Titans,TEN,AFC,SOUTH,Linebacker,92,Active
281223,Jaylen,McCollough,Jaylen McCollough,32,Los Angeles Rams,LAR,NFC,WEST,Safety,2,Active
13880597,Jaylen,Reed,Jaylen Reed,1,New England Patriots,NE,AFC,EAST,Safety,26,Active
701,Jaylen,Waddle,Jaylen Waddle,15,Denver Broncos,DEN,AFC,WEST,Wide Receiver,17,Active
488,Jaylen,Warren,Jaylen Warren,7,Pittsburgh Steelers,PIT,AFC,NORTH,Running Back,30,Active
1532,Jaylen,Watson,Jaylen Watson,32,Los Angeles Rams,LAR,NFC,WEST,Cornerback,35,Active
279719,Jaylen,Wright,Jaylen Wright,5,Miami Dolphins,MIA,AFC,EAST,Running Back,5,Active
13874460,Jaylin,Lane,Jaylin Lane,21,Washington Commanders,WSH,NFC,EAST,Wide Receiver,83,Active
13874478,Jaylin,Noel,Jaylin Noel,10,Houston Texans,HOU,AFC,SOUTH,Wide Receiver,13,Active
366206,Jaylin,Simpson,Jaylin Simpson,5,Miami Dolphins,MIA,AFC,EAST,Safety,,Active
13878946,Jaylin,Smith,Jaylin Smith,10,Houston Texans,HOU,AFC,SOUTH,Cornerback,22,Active
2053,Jaylinn,Hawkins,Jaylinn Hawkins,6,Baltimore Ravens,BAL,AFC,NORTH,Safety,21,Active
279255,Jaylon,Carlies,Jaylon Carlies,12,Indianapolis Colts,IND,AFC,SOUTH,Linebacker,57,Active
2390,Jaylon,Johnson,Jaylon Johnson,24,Chicago Bears,CHI,NFC,NORTH,Cornerback,1,Active
2277,Jaylon,Jones,Jaylon Jones,24,Chicago Bears,CHI,NFC,NORTH,Cornerback,33,Active
2716,Jaylon,Jones,Jaylon Jones,12,Indianapolis Colts,IND,AFC,SOUTH,Cornerback,40,Active
280285,Jaylon,Moore,Jaylon Moore,14,Kansas City Chiefs,KC,AFC,WEST,Offensive Tackle,77,Active
13875230,Jayson,Jones,Jayson Jones,28,Tampa Bay Buccaneers,TB,NFC,SOUTH,Defensive Tackle,93,Active
279306,JC,Latham,JC Latham,11,Tennessee Titans,TEN,AFC,SOUTH,Offensive Tackle,55,Active
278003,JD,Bertrand,JD Bertrand,27,Atlanta Falcons,ATL,NFC,SOUTH,Linebacker,40,Active
2351,Jedrick,Wills Jr.,Jedrick Wills Jr.,3,Buffalo Bills,BUF,AFC,EAST,Offensive Tackle,,Active
33937801,Jeff,Caldwell,Jeff Caldwell,14,Kansas City Chiefs,KC,AFC,WEST,Wide Receiver,8,Active
1260,Jeffery,Simmons,Jeffery Simmons,11,Tennessee Titans,TEN,AFC,SOUTH,Defensive Tackle,98,Active
13877820,Jeffrey,Bassa,Jeffrey Bassa,14,Kansas City Chiefs,KC,AFC,WEST,Linebacker,31,Active
33935637,Jeffrey,M'ba,Jeffrey M'ba,21,Washington Commanders,WSH,NFC,EAST,Defensive Tackle,60,Active
82117,Jelani,Woods,Jelani Woods,4,New York Jets,NYJ,AFC,EAST,Tight End,86,Active
280559,Jer'Zhan,Newton,Jer'Zhan Newton,21,Washington Commanders,WSH,NFC,EAST,Defensive Tackle,95,Active
1433,Jeremiah,Owusu-Koramoah,Jeremiah Owusu-Koramoah,8,Cleveland Browns,CLE,AFC,NORTH,Linebacker,6,Active
2741,Jeremiah,Pharms Jr.,Jeremiah Pharms Jr.,1,New England Patriots,NE,AFC,EAST,Defensive Tackle,98,Active
281178,Jeremiah,Trotter Jr.,Jeremiah Trotter Jr.,18,Philadelphia Eagles,PHI,NFC,EAST,Linebacker,54,Active
13874536,Jeremiah,Webb,Jeremiah Webb,1,New England Patriots,NE,AFC,EAST,Wide Receiver,29,Active
33935117,Jeremiah,Wright,Jeremiah Wright,26,New Orleans Saints,NO,NFC,SOUTH,Guard,65,Active
33934347,Jeremiyah,Love,Jeremiyah Love,33,Arizona Cardinals,ARI,NFC,WEST,Running Back,4,Active
1626,Jeremy,Chinn,Jeremy Chinn,16,Las Vegas Raiders,LV,AFC,WEST,Safety,11,Active
13880645,Jeremy,Crawshaw,Jeremy Crawshaw,15,Denver Broncos,DEN,AFC,WEST,Punter,16,Active
2019,Jeremy,McNichols,Jeremy McNichols,21,Washington Commanders,WSH,NFC,EAST,Running Back,26,Active
2007,Jeremy,Reaves,Jeremy Reaves,21,Washington Commanders,WSH,NFC,EAST,Safety,39,Active
1046,Jeremy,Ruckert,Jeremy Ruckert,4,New York Jets,NYJ,AFC,EAST,Tight End,89,Active
76799,Jermaine,Eluemunor,Jermaine Eluemunor,20,New York Giants,NYG,NFC,EAST,Offensive Tackle,72,Active
1340,Jermaine,Johnson II,Jermaine Johnson II,11,Tennessee Titans,TEN,AFC,SOUTH,Defensive End,11,Active
78401,Jermar,Jefferson,Jermar Jefferson,23,Minnesota Vikings,MIN,NFC,NORTH,Running Back,17,Active
33936268,Jermod,McCoy,Jermod McCoy,16,Las Vegas Raiders,LV,AFC,WEST,Cornerback,28,Active
2704,Jerrick,Reed II,Jerrick Reed II,11,Tennessee Titans,TEN,AFC,SOUTH,Safety,28,Active
854,Jerry,Jeudy,Jerry Jeudy,8,Cleveland Browns,CLE,AFC,NORTH,Wide Receiver,3,Active
1507,Jerry,Tillery,Jerry Tillery,12,Indianapolis Colts,IND,AFC,SOUTH,Defensive Tackle,94,Active
281639,Jeshaun,Jones,Jeshaun Jones,23,Minnesota Vikings,MIN,NFC,NORTH,Wide Receiver,82,Active
2114,Jessie,Bates III,Jessie Bates III,27,Atlanta Falcons,ATL,NFC,SOUTH,Safety,3,Active
2592,Jevon,Holland,Jevon Holland,20,New York Giants,NYG,NFC,EAST,Safety,8,Active
2732,Ji'Ayir,Brown,Ji'Ayir Brown,30,San Francisco 49ers,SF,NFC,WEST,Safety,27,Active
13878300,Jihaad,Campbell,Jihaad Campbell,18,Philadelphia Eagles,PHI,NFC,EAST,Linebacker,11,Active
13874320,Jimmy,Holiday,Jimmy Holiday,14,Kansas City Chiefs,KC,AFC,WEST,Wide Receiver,82,Active
13874285,Jimmy,Horn Jr.,Jimmy Horn Jr.,29,Carolina Panthers,CAR,NFC,SOUTH,Wide Receiver,15,Active
33936003,Jimmy,Rolder,Jimmy Rolder,25,Detroit Lions,DET,NFC,NORTH,Linebacker,41,Active
33935227,Jimto,Obidegwu,Jimto Obidegwu,13,Jacksonville Jaguars,JAX,AFC,SOUTH,Offensive Tackle,62,Active
1714,JJ,Jansen,JJ Jansen,29,Carolina Panthers,CAR,NFC,SOUTH,Long Snapper,44,Active
13878279,JJ,Pegues,JJ Pegues,16,Las Vegas Raiders,LV,AFC,WEST,Defensive Tackle,92,Active
13878905,JJ,Roberts,JJ Roberts,28,Tampa Bay Buccaneers,TB,NFC,SOUTH,Safety,36,Active
7711,JK,Scott,JK Scott,17,Los Angeles Chargers,LAC,AFC,WEST,Punter,16,Active
277732,JL,Skinner,JL Skinner,15,Denver Broncos,DEN,AFC,WEST,Safety,34,Active
279597,Joe,Alt,Joe Alt,17,Los Angeles Chargers,LAC,AFC,WEST,Offensive Tackle,76,Active
279682,Joe,Andreessen,Joe Andreessen,3,Buffalo Bills,BUF,AFC,EAST,Linebacker,44,Active
2207,Joe,Bachie,Joe Bachie,25,Detroit Lions,DET,NFC,NORTH,Linebacker,35,Active
35,Joe,Burrow,Joe Burrow,9,Cincinnati Bengals,CIN,AFC,NORTH,Quarterback,9,Active
1795,Joe,Cardona,Joe Cardona,32,Los Angeles Rams,LAR,NFC,WEST,Long Snapper,49,Active
33936794,Joe,Fagnano,Joe Fagnano,6,Baltimore Ravens,BAL,AFC,NORTH,Quarterback,12,Active
72,Joe,Flacco,Joe Flacco,9,Cincinnati Bengals,CIN,AFC,NORTH,Quarterback,16,Active
73963,Joe,Giles-Harris,Joe Giles-Harris,9,Cincinnati Bengals,CIN,AFC,NORTH,Linebacker,43,Active
13874922,Joe,Huber,Joe Huber,23,Minnesota Vikings,MIN,NFC,NORTH,Guard,60,Active
279890,Joe,Milton III,Joe Milton III,19,Dallas Cowboys,DAL,NFC,EAST,Quarterback,10,Active
33934823,Joe,Royer,Joe Royer,8,Cleveland Browns,CLE,AFC,NORTH,Tight End,18,Active
35929053,Joe,Shimko,Joe Shimko,33,Arizona Cardinals,ARI,NFC,WEST,Long Snapper,47,Active
1813,Joe,Thuney,Joe Thuney,24,Chicago Bears,CHI,NFC,NORTH,Guard,62,Active
280280,Joe,Tippmann,Joe Tippmann,4,New York Jets,NYJ,AFC,EAST,Center,66,Active
586361,Joel,Wilson,Joel Wilson,11,Tennessee Titans,TEN,AFC,SOUTH,Tight End,83,Active
33934019,Joey,Aguilar,Joey Aguilar,13,Jacksonville Jaguars,JAX,AFC,SOUTH,Quarterback,17,Active
2333,Joey,Blount,Joey Blount,33,Arizona Cardinals,ARI,NFC,WEST,Safety,32,Active
2636,Joey,Porter Jr.,Joey Porter Jr.,7,Pittsburgh Steelers,PIT,AFC,NORTH,Cornerback,24,Active
2000,Joey,Slye,Joey Slye,11,Tennessee Titans,TEN,AFC,SOUTH,Place kicker,6,Active
1045,John,Bates,John Bates,21,Washington Commanders,WSH,NFC,EAST,Tight End,87,Active
1427,John,Franklin-Myers,John Franklin-Myers,11,Tennessee Titans,TEN,AFC,SOUTH,Defensive End,91,Active
1562,John,Jenkins,John Jenkins,6,Baltimore Ravens,BAL,AFC,NORTH,Defensive Tackle,94,Active
745,John,Metchie III,John Metchie III,29,Carolina Panthers,CAR,NFC,SOUTH,Wide Receiver,13,Active
33934689,John Michael,Gyllenborg,John Michael Gyllenborg,14,Kansas City Chiefs,KC,AFC,WEST,Tight End,84,Active
261877,John Michael,Schmitz Jr.,John Michael Schmitz Jr.,20,New York Giants,NYG,NFC,EAST,Center,61,Active
279307,John,Ojukwu,John Ojukwu,18,Philadelphia Eagles,PHI,NFC,EAST,Offensive Tackle,67,Active
2415,John,Ridgeway III,John Ridgeway III,26,New Orleans Saints,NO,NFC,SOUTH,Defensive Tackle,95,Active
2175,John,Simpson,John Simpson,6,Baltimore Ravens,BAL,AFC,NORTH,Guard,74,Active
13874857,John,Williams,John Williams,22,Green Bay Packers,GB,NFC,NORTH,Guard,73,Active
13878563,Johnathan,Baldwin II,Johnathan Baldwin II,22,Green Bay Packers,GB,NFC,NORTH,Safety,37,Active
13878834,Johnathan,Edwards,Johnathan Edwards,12,Indianapolis Colts,IND,AFC,SOUTH,Cornerback,35,Active
1019,Johnny,Mundt,Johnny Mundt,18,Philadelphia Eagles,PHI,NFC,EAST,Tight End,83,Active
13878625,Johnny,Walker,Johnny Walker,15,Denver Broncos,DEN,AFC,WEST,Linebacker,59,Active
88130,Johnny,Wilson,Johnny Wilson,18,Philadelphia Eagles,PHI,NFC,EAST,Wide Receiver,89,Active
280377,Jon,Gaines II,Jon Gaines II,33,Arizona Cardinals,ARI,NFC,WEST,Guard,71,Active
2134,Jon,Runyan,Jon Runyan,20,New York Giants,NYG,NFC,EAST,Guard,76,Active
1719,Jon,Weeks,Jon Weeks,30,San Francisco 49ers,SF,NFC,WEST,Long Snapper,46,Active
33934066,Jonah,Coleman,Jonah Coleman,15,Denver Broncos,DEN,AFC,WEST,Running Back,20,Active
279548,Jonah,Elliss,Jonah Elliss,15,Denver Broncos,DEN,AFC,WEST,Linebacker,52,Active
77098,Jonah,Jackson,Jonah Jackson,24,Chicago Bears,CHI,NFC,NORTH,Guard,73,Active
279467,Jonah,Laulu,Jonah Laulu,16,Las Vegas Raiders,LV,AFC,WEST,Defensive Tackle,96,Active
13874786,Jonah,Monheim,Jonah Monheim,13,Jacksonville Jaguars,JAX,AFC,SOUTH,Center,60,Active
13874764,Jonah,Savaiinaea,Jonah Savaiinaea,5,Miami Dolphins,MIA,AFC,EAST,Guard,71,Active
13879084,Jonas,Sanker,Jonas Sanker,26,New Orleans Saints,NO,NFC,SOUTH,Safety,7,Active
1368,Jonathan,Allen,Jonathan Allen,9,Cincinnati Bengals,CIN,AFC,NORTH,Defensive Tackle,93,Active
1494,Jonathan,Bullard,Jonathan Bullard,19,Dallas Cowboys,DAL,NFC,EAST,Defensive Tackle,98,Active
281502,Jonathan,Ford,Jonathan Ford,22,Green Bay Packers,GB,NFC,NORTH,Defensive Tackle,64,Active
77256,Jonathan,Garvin,Jonathan Garvin,24,Chicago Bears,CHI,NFC,NORTH,Defensive End,52,Active
1302,Jonathan,Greenard,Jonathan Greenard,18,Philadelphia Eagles,PHI,NFC,EAST,Linebacker,52,Active
1825,Jonathan,Jones,Jonathan Jones,18,Philadelphia Eagles,PHI,NFC,EAST,Cornerback,32,Active
913,Jonathan,Mingo,Jonathan Mingo,19,Dallas Cowboys,DAL,NFC,EAST,Wide Receiver,81,Active
1648,Jonathan,Owens,Jonathan Owens,12,Indianapolis Colts,IND,AFC,SOUTH,Safety,38,Active
490,Jonathan,Taylor,Jonathan Taylor,12,Indianapolis Colts,IND,AFC,SOUTH,Running Back,28,Active
704,Jonathan,Ward,Jonathan Ward,6,Baltimore Ravens,BAL,AFC,NORTH,Running Back,35,Active
281272,Jonathon,Brooks,Jonathon Brooks,29,Carolina Panthers,CAR,NFC,SOUTH,Running Back,25,Active
1325,Jonathon,Cooper,Jonathon Cooper,15,Denver Broncos,DEN,AFC,WEST,Linebacker,0,Active
99,Jonnu,Smith,Jonnu Smith,22,Green Bay Packers,GB,NFC,NORTH,Tight End,,Active
760,Jordan,Addison,Jordan Addison,23,Minnesota Vikings,MIN,NFC,NORTH,Wide Receiver,3,Active
1528,Jordan,Battle,Jordan Battle,9,Cincinnati Bengals,CIN,AFC,NORTH,Safety,27,Active
13878264,Jordan,Burch,Jordan Burch,33,Arizona Cardinals,ARI,NFC,WEST,Linebacker,52,Active
13878862,Jordan,Clark,Jordan Clark,4,New York Jets,NYJ,AFC,EAST,Cornerback,33,Active
1486,Jordan,Davis,Jordan Davis,18,Philadelphia Eagles,PHI,NFC,EAST,Defensive Tackle,90,Active
1482,Jordan,Elliott,Jordan Elliott,11,Tennessee Titans,TEN,AFC,SOUTH,Defensive Tackle,95,Active
13878470,Jordan,Hancock,Jordan Hancock,3,Buffalo Bills,BUF,AFC,EAST,Cornerback,37,Active
1650,Jordan,Howden,Jordan Howden,26,New Orleans Saints,NO,NFC,SOUTH,Safety,31,Active
33934415,Jordan,Hudson,Jordan Hudson,19,Dallas Cowboys,DAL,NFC,EAST,Wide Receiver,18,Active
279541,Jordan,Jackson,Jordan Jackson,15,Denver Broncos,DEN,AFC,WEST,Defensive Tackle,94,Active
13874023,Jordan,James,Jordan James,30,San Francisco 49ers,SF,NFC,WEST,Running Back,29,Active
279180,Jordan,Jefferson,Jordan Jefferson,17,Los Angeles Chargers,LAC,AFC,WEST,Defensive Tackle,95,Active
53,Jordan,Love,Jordan Love,22,Green Bay Packers,GB,NFC,NORTH,Quarterback,10,Active
281568,Jordan,Magee,Jordan Magee,21,Washington Commanders,WSH,NFC,EAST,Linebacker,58,Active
2464,Jordan,Mailata,Jordan Mailata,18,Philadelphia Eagles,PHI,NFC,EAST,Offensive Tackle,68,Active
544,Jordan,Mason,Jordan Mason,23,Minnesota Vikings,MIN,NFC,NORTH,Running Back,27,Active
279594,Jordan,McFadden,Jordan McFadden,24,Chicago Bears,CHI,NFC,NORTH,Guard,74,Active
256248,Jordan,Meredith,Jordan Meredith,4,New York Jets,NYJ,AFC,EAST,Center,67,Active
366281,Jordan,Miller,Jordan Miller,5,Miami Dolphins,MIA,AFC,EAST,Defensive Tackle,,Active
13874072,Jordan,Moore,Jordan Moore,9,Cincinnati Bengals,CIN,AFC,NORTH,Wide Receiver,14,Active
280479,Jordan,Morgan,Jordan Morgan,22,Green Bay Packers,GB,NFC,NORTH,Guard,77,Active
13875229,Jordan,Phillips,Jordan Phillips,5,Miami Dolphins,MIA,AFC,EAST,Defensive Tackle,94,Active
2460,Jordan,Stout,Jordan Stout,20,New York Giants,NYG,NFC,EAST,Punter,15,Active
13878620,Jordan,Turner,Jordan Turner,15,Denver Broncos,DEN,AFC,WEST,Linebacker,55,Active
33935776,Jordan,van den Berg,Jordan van den Berg,24,Chicago Bears,CHI,NFC,NORTH,Defensive Tackle,96,Active
13874048,Jordan,Waters,Jordan Waters,32,Los Angeles Rams,LAR,NFC,WEST,Running Back,32,Active
13874427,Jordan,Watkins,Jordan Watkins,30,San Francisco 49ers,SF,NFC,WEST,Wide Receiver,17,Active
278247,Jordan,Whittington,Jordan Whittington,32,Los Angeles Rams,LAR,NFC,WEST,Wide Receiver,88,Active
2327,Jordon,Riley,Jordon Riley,22,Green Bay Packers,GB,NFC,NORTH,Defensive Tackle,97,Active
1400,Jordyn,Brooks,Jordyn Brooks,5,Miami Dolphins,MIA,AFC,EAST,Linebacker,20,Active
33934742,Jordyn,Tyson,Jordyn Tyson,26,New Orleans Saints,NO,NFC,SOUTH,Wide Receiver,0,Active
13878432,Josaiah,Stewart,Josaiah Stewart,32,Los Angeles Rams,LAR,NFC,WEST,Linebacker,10,Active
281280,Jose,Ramirez,Jose Ramirez,1,New England Patriots,NE,AFC,EAST,Linebacker,,Active
1652,Joseph,Ossai,Joseph Ossai,4,New York Jets,NYJ,AFC,EAST,Defensive End,46,Active
38,Josh,Allen,Josh Allen,3,Buffalo Bills,BUF,AFC,EAST,Quarterback,17,Active
2308,Josh,Blackwell,Josh Blackwell,24,Chicago Bears,CHI,NFC,NORTH,Cornerback,39,Active
33934364,Josh,Cameron,Josh Cameron,13,Jacksonville Jaguars,JAX,AFC,SOUTH,Wide Receiver,19,Active
13875126,Josh,Conerly Jr.,Josh Conerly Jr.,21,Washington Commanders,WSH,NFC,EAST,Offensive Tackle,72,Active
33934535,Josh,Cuevas,Josh Cuevas,6,Baltimore Ravens,BAL,AFC,NORTH,Tight End,85,Active
851,Josh,Downs,Josh Downs,12,Indianapolis Colts,IND,AFC,SOUTH,Wide Receiver,2,Active
13875000,Josh,Fryar,Josh Fryar,33,Arizona Cardinals,ARI,NFC,WEST,Offensive Tackle,78,Active
33934837,Josh,Gesky,Josh Gesky,22,Green Bay Packers,GB,NFC,NORTH,Guard,76,Active
1732,Josh,Harris,Josh Harris,17,Los Angeles Chargers,LAC,AFC,WEST,Long Snapper,47,Active
2418,Josh,Hayes,Josh Hayes,28,Tampa Bay Buccaneers,TB,NFC,SOUTH,Cornerback,32,Active
1294,Josh,Hines-Allen,Josh Hines-Allen,13,Jacksonville Jaguars,JAX,AFC,SOUTH,Defensive End,41,Active
105,Josh,Jacobs,Josh Jacobs,22,Green Bay Packers,GB,NFC,NORTH,Running Back,8,Active
2577,Josh,Jobe,Josh Jobe,31,Seattle Seahawks,SEA,NFC,WEST,Cornerback,29,Active
40137,Josh,Johnson,Josh Johnson,9,Cincinnati Bengals,CIN,AFC,NORTH,Quarterback,11,Active
278533,Josh,Jones,Josh Jones,31,Seattle Seahawks,SEA,NFC,WEST,Guard,74,Active
13874927,Josh,Kaltenberger,Josh Kaltenberger,17,Los Angeles Chargers,LAC,AFC,WEST,Center,68,Active
13874122,Josh,Kelly,Josh Kelly,10,Houston Texans,HOU,AFC,SOUTH,Wide Receiver,85,Active
13879020,Josh,Minkins,Josh Minkins,33,Arizona Cardinals,ARI,NFC,WEST,Safety,38,Active
80443,Josh,Myers,Josh Myers,4,New York Jets,NYJ,AFC,EAST,Center,71,Active
279056,Josh,Newton,Josh Newton,9,Cincinnati Bengals,CIN,AFC,NORTH,Cornerback,28,Active
992,Josh,Oliver,Josh Oliver,23,Minnesota Vikings,MIN,NFC,NORTH,Tight End,84,Active
674408,Josh,Sills,Josh Sills,12,Indianapolis Colts,IND,AFC,SOUTH,Guard,66,Active
13875224,Josh,Simmons,Josh Simmons,14,Kansas City Chiefs,KC,AFC,WEST,Offensive Tackle,71,Active
1351,Josh,Sweat,Josh Sweat,33,Arizona Cardinals,ARI,NFC,WEST,Linebacker,10,Active
33935032,Josh,Thompson,Josh Thompson,27,Atlanta Falcons,ATL,NFC,SOUTH,Guard,,Active
1857,Josh,Tupou,Josh Tupou,20,New York Giants,NYG,NFC,EAST,Defensive Tackle,94,Active
1454,Josh,Uche,Josh Uche,5,Miami Dolphins,MIA,AFC,EAST,Linebacker,9,Active
281094,Josh,Wallace,Josh Wallace,32,Los Angeles Rams,LAR,NFC,WEST,Cornerback,30,Active
1086,Josh,Whyle,Josh Whyle,22,Green Bay Packers,GB,NFC,NORTH,Tight End,81,Active
13874049,Josh,Williams,Josh Williams,28,Tampa Bay Buccaneers,TB,NFC,SOUTH,Running Back,18,Active
1686,Josh,Woods,Josh Woods,27,Atlanta Falcons,ATL,NFC,SOUTH,Linebacker,46,Active
61,Joshua,Dobbs,Joshua Dobbs,25,Detroit Lions,DET,NFC,NORTH,Quarterback,6,Active
264741,Joshua,Ezeudu,Joshua Ezeudu,14,Kansas City Chiefs,KC,AFC,WEST,Guard,73,Active
13877945,Joshua,Farmer,Joshua Farmer,1,New England Patriots,NE,AFC,EAST,Defensive Tackle,92,Active
33935886,Joshua,Josephs,Joshua Josephs,21,Washington Commanders,WSH,NFC,EAST,Linebacker,48,Active
1483,Joshua,Metellus,Joshua Metellus,23,Minnesota Vikings,MIN,NFC,NORTH,Safety,44,Active
732,Joshua,Palmer,Joshua Palmer,3,Buffalo Bills,BUF,AFC,EAST,Wide Receiver,5,Active
13874791,Joshua,Simon,Joshua Simon,21,Washington Commanders,WSH,NFC,EAST,Tight End,,Active
33935704,Joshua,Weru,Joshua Weru,18,Philadelphia Eagles,PHI,NFC,EAST,Linebacker,46,Active
2740,Joshua,Williams,Joshua Williams,11,Tennessee Titans,TEN,AFC,SOUTH,Cornerback,25,Active
33935731,Josiah,Trotter,Josiah Trotter,28,Tampa Bay Buccaneers,TB,NFC,SOUTH,Linebacker,45,Active
1880,Jourdan,Lewis,Jourdan Lewis,13,Jacksonville Jaguars,JAX,AFC,SOUTH,Cornerback,2,Active
280299,Jovaughn,Gwyn,Jovaughn Gwyn,6,Baltimore Ravens,BAL,AFC,NORTH,Guard,54,Active
366116,Jowon,Briggs,Jowon Briggs,4,New York Jets,NYJ,AFC,EAST,Defensive Tackle,91,Active
13874490,JP,Richardson,JP Richardson,24,Chicago Bears,CHI,NFC,NORTH,Wide Receiver,83,Active
33935058,Jude,Bowry,Jude Bowry,3,Buffalo Bills,BUF,AFC,EAST,Offensive Tackle,74,Active
279098,Juice,Scruggs,Juice Scruggs,25,Detroit Lions,DET,NFC,NORTH,Guard,70,Active
2483,JuJu,Brents,JuJu Brents,5,Miami Dolphins,MIA,AFC,EAST,Cornerback,8,Active
13880640,Julian,Ashby,Julian Ashby,1,New England Patriots,NE,AFC,EAST,Long Snapper,47,Active
2183,Julian,Blackmon,Julian Blackmon,26,New Orleans Saints,NO,NFC,SOUTH,Safety,23,Active
281746,Julian,Good-Jones,Julian Good-Jones,21,Washington Commanders,WSH,NFC,EAST,Guard,61,Active
365935,Julian,Hicks,Julian Hicks,31,Seattle Seahawks,SEA,NFC,WEST,Wide Receiver,1,Active
1141,Julian,Hill,Julian Hill,1,New England Patriots,NE,AFC,EAST,Tight End,80,Active
2269,Julian,Love,Julian Love,31,Seattle Seahawks,SEA,NFC,WEST,Safety,20,Active
33936385,Julian,Neal,Julian Neal,31,Seattle Seahawks,SEA,NFC,WEST,Cornerback,1,Active
2568,Julius,Chestnut,Julius Chestnut,11,Tennessee Titans,TEN,AFC,SOUTH,Running Back,36,Active
4023309,Julius,Welschof,Julius Welschof,7,Pittsburgh Steelers,PIT,AFC,NORTH,Linebacker,45,Active
279336,Julius,Wood,Julius Wood,5,Miami Dolphins,MIA,AFC,EAST,Safety,,Active
277678,Junior,Colson,Junior Colson,17,Los Angeles Chargers,LAC,AFC,WEST,Linebacker,25,Active
13878351,Junior,Tafuna,Junior Tafuna,10,Houston Texans,HOU,AFC,SOUTH,Defensive Tackle,,Active
518,Justice,Hill,Justice Hill,6,Baltimore Ravens,BAL,AFC,NORTH,Running Back,43,Active
13878266,Justin,Barron,Justin Barron,19,Dallas Cowboys,DAL,NFC,EAST,Linebacker,45,Active
280232,Justin,Dedich,Justin Dedich,32,Los Angeles Rams,LAR,NFC,WEST,Guard,67,Active
279602,Justin,Eboigbe,Justin Eboigbe,17,Los Angeles Chargers,LAC,AFC,WEST,Defensive Tackle,92,Active
69,Justin,Fields,Justin Fields,14,Kansas City Chiefs,KC,AFC,WEST,Quarterback,6,Active
45,Justin,Herbert,Justin Herbert,17,Los Angeles Chargers,LAC,AFC,WEST,Quarterback,10,Active
68644,Justin,Jackson,Justin Jackson,25,Detroit Lions,DET,NFC,NORTH,Running Back,38,Active
111,Justin,Jefferson,Justin Jefferson,23,Minnesota Vikings,MIN,NFC,NORTH,Wide Receiver,18,Active
33935691,Justin,Jefferson,Justin Jefferson,8,Cleveland Browns,CLE,AFC,NORTH,Linebacker,17,Active
33934602,Justin,Joly,Justin Joly,5,Miami Dolphins,MIA,AFC,EAST,Tight End,,Active
33938470,Justin,Pickett,Justin Pickett,16,Las Vegas Raiders,LV,AFC,WEST,Guard,77,Active
1451,Justin,Reid,Justin Reid,26,New Orleans Saints,NO,NFC,SOUTH,Safety,21,Active
279500,Justin,Shorter,Justin Shorter,16,Las Vegas Raiders,LV,AFC,WEST,Wide Receiver,88,Active
280678,Justin,Skule,Justin Skule,28,Tampa Bay Buccaneers,TB,NFC,SOUTH,Offensive Tackle,77,Active
2115,Justin,Strnad,Justin Strnad,15,Denver Broncos,DEN,AFC,WEST,Linebacker,40,Active
13879036,Justin,Walley,Justin Walley,12,Indianapolis Colts,IND,AFC,SOUTH,Cornerback,27,Active
930,Juwan,Johnson,Juwan Johnson,26,New Orleans Saints,NO,NFC,SOUTH,Tight End,83,Active
13878647,K.C.,Ossai,K.C. Ossai,10,Houston Texans,HOU,AFC,SOUTH,Linebacker,52,Active
2381,K.J.,Britt,K.J. Britt,1,New England Patriots,NE,AFC,EAST,Linebacker,35,Active
888,K.J.,Osborn,K.J. Osborn,11,Tennessee Titans,TEN,AFC,SOUTH,Wide Receiver,85,Active
1520,K'Lavon,Chaisson,K'Lavon Chaisson,21,Washington Commanders,WSH,NFC,EAST,Linebacker,45,Active
2173,K'Von,Wallace,K'Von Wallace,6,Baltimore Ravens,BAL,AFC,NORTH,Cornerback,26,Active
33935180,Ka'ena,De Cambra,Ka'ena De Cambra,10,Houston Texans,HOU,AFC,SOUTH,Guard,,Active
1828,Ka'imi,Fairbairn,Ka'imi Fairbairn,10,Houston Texans,HOU,AFC,SOUTH,Place kicker,15,Active
279572,Kaden,Davis,Kaden Davis,24,Chicago Bears,CHI,NFC,NORTH,Wide Receiver,27,Active
1412,Kaden,Elliss,Kaden Elliss,26,New Orleans Saints,NO,NFC,SOUTH,Linebacker,55,Active
33934622,Kaden,Wetjen,Kaden Wetjen,7,Pittsburgh Steelers,PIT,AFC,NORTH,Wide Receiver,10,Active
1647,Kader,Kohou,Kader Kohou,14,Kansas City Chiefs,KC,AFC,WEST,Cornerback,26,Active
33935275,Kadyn,Proctor,Kadyn Proctor,5,Miami Dolphins,MIA,AFC,EAST,Offensive Tackle,74,Active
33934007,Kaelon,Black,Kaelon Black,30,San Francisco 49ers,SF,NFC,WEST,Running Back,26,Active
2484,Kaevon,Merriweather,Kaevon Merriweather,13,Jacksonville Jaguars,JAX,AFC,SOUTH,Safety,,Active
33935004,Kage,Casey,Kage Casey,15,Denver Broncos,DEN,AFC,WEST,Offensive Tackle,78,Active
2593,Kahlef,Hailassie,Kahlef Hailassie,23,Minnesota Vikings,MIN,NFC,NORTH,Safety,25,Active
33938339,Kahlil,Benson,Kahlil Benson,14,Kansas City Chiefs,KC,AFC,WEST,Offensive Tackle,70,Active
13880655,Kai,Kroeger,Kai Kroeger,10,Houston Texans,HOU,AFC,SOUTH,Punter,38,Active
2691,Kaiir,Elam,Kaiir Elam,17,Los Angeles Chargers,LAC,AFC,WEST,Cornerback,29,Active
13878156,Kaimon,Rucker,Kaimon Rucker,6,Baltimore Ravens,BAL,AFC,NORTH,Linebacker,56,Active
13878820,Kain,Medrano,Kain Medrano,21,Washington Commanders,WSH,NFC,EAST,Linebacker,56,Active
33935787,Kaleb,Elarms-Orr,Kaleb Elarms-Orr,3,Buffalo Bills,BUF,AFC,EAST,Linebacker,52,Active
13873883,Kaleb,Johnson,Kaleb Johnson,22,Green Bay Packers,GB,NFC,NORTH,Running Back,,Active
33935907,Kaleb,Proctor,Kaleb Proctor,33,Arizona Cardinals,ARI,NFC,WEST,Defensive Tackle,94,Active
13873987,Kalel,Mullings,Kalel Mullings,11,Tennessee Titans,TEN,AFC,SOUTH,Running Back,31,Active
281757,Kalen,King,Kalen King,33,Arizona Cardinals,ARI,NFC,WEST,Cornerback,35,Active
1637,Kalia,Davis,Kalia Davis,8,Cleveland Browns,CLE,AFC,NORTH,Defensive Tackle,93,Active
598,Kalif,Raymond,Kalif Raymond,24,Chicago Bears,CHI,NFC,NORTH,Wide Receiver,14,Active
1634,Kam,Curl,Kam Curl,32,Los Angeles Rams,LAR,NFC,WEST,Safety,3,Active
33934915,Kam,Dewberry,Kam Dewberry,27,Atlanta Falcons,ATL,NFC,SOUTH,Guard,61,Active
281761,Kamal,Hadden,Kamal Hadden,22,Green Bay Packers,GB,NFC,NORTH,Cornerback,36,Active
278421,Kamari,Lassiter,Kamari Lassiter,10,Houston Texans,HOU,AFC,SOUTH,Cornerback,3,Active
33936279,Kamari,Ramsey,Kamari Ramsey,10,Houston Texans,HOU,AFC,SOUTH,Safety,27,Active
278137,Kameron,Johnson,Kameron Johnson,28,Tampa Bay Buccaneers,TB,NFC,SOUTH,Wide Receiver,19,Active
278252,Kamren,Kinchens,Kamren Kinchens,32,Los Angeles Rams,LAR,NFC,WEST,Safety,5,Active
33936381,Kani,Walker,Kani Walker,3,Buffalo Bills,BUF,AFC,EAST,Cornerback,41,Active
33936654,Kansei,Matsuzawa,Kansei Matsuzawa,16,Las Vegas Raiders,LV,AFC,WEST,Place kicker,38,Active
33936695,Kapena,Gushiken,Kapena Gushiken,12,Indianapolis Colts,IND,AFC,SOUTH,Cornerback,,Active
13878457,Karene,Reid,Karene Reid,15,Denver Broncos,DEN,AFC,WEST,Linebacker,47,Active
1417,Karl,Brooks,Karl Brooks,22,Green Bay Packers,GB,NFC,NORTH,Defensive Tackle,94,Active
33936293,Karon,Prunty,Karon Prunty,1,New England Patriots,NE,AFC,EAST,Cornerback,21,Active
33936304,Karson,Sharar,Karson Sharar,33,Arizona Cardinals,ARI,NFC,WEST,Linebacker,43,Active
577,KaVontae,Turpin,KaVontae Turpin,19,Dallas Cowboys,DAL,NFC,EAST,Wide Receiver,9,Active
33935444,Kayden,McDonald,Kayden McDonald,10,Houston Texans,HOU,AFC,SOUTH,Defensive Tackle,93,Active
280374,Kayode,Awosika,Kayode Awosika,17,Los Angeles Chargers,LAC,AFC,WEST,Guard,74,Active
1200,Kayshon,Boutte,Kayshon Boutte,10,Houston Texans,HOU,AFC,SOUTH,Wide Receiver,88,Active
33934159,Kaytron,Allen,Kaytron Allen,21,Washington Commanders,WSH,NFC,EAST,Running Back,31,Active
1305,Kayvon,Thibodeaux,Kayvon Thibodeaux,20,New York Giants,NYG,NFC,EAST,Linebacker,5,Active
33934397,KC,Concepcion,KC Concepcion,8,Cleveland Browns,CLE,AFC,NORTH,Wide Receiver,1,Active
13874291,Ke'Shawn,Williams,Ke'Shawn Williams,9,Cincinnati Bengals,CIN,AFC,NORTH,Wide Receiver,12,Active
33935169,Keagen,Trost,Keagen Trost,32,Los Angeles Rams,LAR,NFC,WEST,Offensive Tackle,79,Active
13874527,KeAndre,Lambert-Smith,KeAndre Lambert-Smith,17,Los Angeles Chargers,LAC,AFC,WEST,Wide Receiver,84,Active
516,Keaton,Mitchell,Keaton Mitchell,17,Los Angeles Chargers,LAC,AFC,WEST,Running Back,34,Active
279144,Kedon,Slovis,Kedon Slovis,22,Green Bay Packers,GB,NFC,NORTH,Quarterback,,Active
1665,Keeanu,Benton,Keeanu Benton,7,Pittsburgh Steelers,PIT,AFC,NORTH,Defensive Tackle,95,Active
88,Keenan,Allen,Keenan Allen,12,Indianapolis Colts,IND,AFC,SOUTH,Wide Receiver,10,Active
2643,Kei'Trel,Clark,Kei'Trel Clark,33,Arizona Cardinals,ARI,NFC,WEST,Cornerback,13,Active
1636,Keion,White,Keion White,30,San Francisco 49ers,SF,NFC,WEST,Defensive End,56,Active
33936073,Keionte,Scott,Keionte Scott,28,Tampa Bay Buccaneers,TB,NFC,SOUTH,Cornerback,22,Active
2230,Keir,Thomas II,Keir Thomas II,32,Los Angeles Rams,LAR,NFC,WEST,Linebacker,11,Active
706,Keisean,Nixon,Keisean Nixon,22,Green Bay Packers,GB,NFC,NORTH,Cornerback,25,Active
33936096,Keith,Abney II,Keith Abney II,25,Detroit Lions,DET,NFC,NORTH,Cornerback,28,Active
13875271,Keith,Cooper Jr.,Keith Cooper Jr.,5,Miami Dolphins,MIA,AFC,EAST,Defensive Tackle,97,Active
33935510,Keldric,Faulk,Keldric Faulk,11,Tennessee Titans,TEN,AFC,SOUTH,Defensive End,15,Active
1667,Kelee,Ringo,Kelee Ringo,18,Philadelphia Eagles,PHI,NFC,EAST,Cornerback,7,Active
13874564,Keleki,Latu,Keleki Latu,3,Buffalo Bills,BUF,AFC,EAST,Tight End,83,Active
13875089,Kelvin,Banks Jr.,Kelvin Banks Jr.,26,New Orleans Saints,NO,NFC,SOUTH,Offensive Tackle,71,Active
33935534,Kelvin,Gilliam Jr.,Kelvin Gilliam Jr.,19,Dallas Cowboys,DAL,NFC,EAST,Defensive Tackle,94,Active
33935619,Kendal,Daniels,Kendal Daniels,27,Atlanta Falcons,ATL,NFC,SOUTH,Linebacker,53,Active
279076,Kendall,Milton,Kendall Milton,9,Cincinnati Bengals,CIN,AFC,NORTH,Running Back,36,Active
898194,Kendall,Williamson,Kendall Williamson,17,Los Angeles Chargers,LAC,AFC,WEST,Safety,40,Active
279361,Kendell,Brooks,Kendell Brooks,11,Tennessee Titans,TEN,AFC,SOUTH,Safety,30,Active
560,Kendre,Miller,Kendre Miller,26,New Orleans Saints,NO,NFC,SOUTH,Running Back,5,Active
741,Kendrick,Bourne,Kendrick Bourne,33,Arizona Cardinals,ARI,NFC,WEST,Wide Receiver,17,Active
80403,Kendrick,Green,Kendrick Green,8,Cleveland Browns,CLE,AFC,NORTH,Guard,53,Active
33934331,Kendrick,Law,Kendrick Law,25,Detroit Lions,DET,NFC,NORTH,Wide Receiver,88,Active
695,Kene,Nwangwu,Kene Nwangwu,4,New York Jets,NYJ,AFC,EAST,Running Back,3,Active
13875175,Kenneth,Grant,Kenneth Grant,5,Miami Dolphins,MIA,AFC,EAST,Defensive Tackle,78,Active
33939964,Kenneth,Harris,Kenneth Harris,12,Indianapolis Colts,IND,AFC,SOUTH,Cornerback,29,Active
479,Kenneth,Walker III,Kenneth Walker III,14,Kansas City Chiefs,KC,AFC,WEST,Running Back,9,Active
1337,Kenny,Clark,Kenny Clark,19,Dallas Cowboys,DAL,NFC,EAST,Defensive Tackle,97,Active
12,Kenny,Gainwell,Kenny Gainwell,28,Tampa Bay Buccaneers,TB,NFC,SOUTH,Running Back,1,Active
67,Kenny,Pickett,Kenny Pickett,29,Carolina Panthers,CAR,NFC,SOUTH,Quarterback,12,Active
1591,Kentavius,Street,Kentavius Street,24,Chicago Bears,CHI,NFC,NORTH,Defensive Tackle,93,Active
33937670,Kentrel,Bullock,Kentrel Bullock,9,Cincinnati Bengals,CIN,AFC,NORTH,Running Back,31,Active
33934695,Kenyon,Sadiq,Kenyon Sadiq,4,New York Jets,NYJ,AFC,EAST,Tight End,16,Active
277567,Keon,Coleman,Keon Coleman,3,Buffalo Bills,BUF,AFC,EAST,Wide Receiver,0,Active
13878716,Keondre,Jackson,Keondre Jackson,6,Baltimore Ravens,BAL,AFC,NORTH,Safety,39,Active
13878132,Keonta,Jenkins,Keonta Jenkins,3,Buffalo Bills,BUF,AFC,EAST,Linebacker,49,Active
2479,Kerby,Joseph,Kerby Joseph,25,Detroit Lions,DET,NFC,NORTH,Safety,31,Active
586495,Keshawn,Banks,Keshawn Banks,27,Atlanta Falcons,ATL,NFC,SOUTH,Defensive End,59,Active
281555,Kevin,Austin Jr.,Kevin Austin Jr.,26,New Orleans Saints,NO,NFC,SOUTH,Wide Receiver,81,Active
1789,Kevin,Byard,Kevin Byard,1,New England Patriots,NE,AFC,EAST,Safety,31,Active
33934362,Kevin,Coleman Jr.,Kevin Coleman Jr.,5,Miami Dolphins,MIA,AFC,EAST,Wide Receiver,83,Active
258839,Kevin,Dotson,Kevin Dotson,32,Los Angeles Rams,LAR,NFC,WEST,Guard,69,Active
1546,Kevin,Givens,Kevin Givens,30,San Francisco 49ers,SF,NFC,WEST,Defensive Tackle,90,Active
33935609,Kevin,Jobity Jr.,Kevin Jobity Jr.,7,Pittsburgh Steelers,PIT,AFC,NORTH,Defensive Tackle,92,Active
13878241,Kevin,Knowles,Kevin Knowles,28,Tampa Bay Buccaneers,TB,NFC,SOUTH,Cornerback,,Active
13881110,Kevin,Winston Jr.,Kevin Winston Jr.,11,Tennessee Titans,TEN,AFC,SOUTH,Safety,23,Active
33934873,Keylan,Rutledge,Keylan Rutledge,10,Houston Texans,HOU,AFC,SOUTH,Guard,66,Active
13878561,Keyon,Martin,Keyon Martin,6,Baltimore Ravens,BAL,AFC,NORTH,Cornerback,38,Active
33935447,Keyron,Crawford,Keyron Crawford,16,Las Vegas Raiders,LV,AFC,WEST,Defensive End,42,Active
33935918,Keyshaun,Elliott,Keyshaun Elliott,24,Chicago Bears,CHI,NFC,NORTH,Linebacker,49,Active
33936201,Keyshawn,James-Newby,Keyshawn James-Newby,18,Philadelphia Eagles,PHI,NFC,EAST,Linebacker,50,Active
770,KhaDarel,Hodge,KhaDarel Hodge,30,San Francisco 49ers,SF,NFC,WEST,Wide Receiver,86,Active
2232,Khalid,Kareem,Khalid Kareem,30,San Francisco 49ers,SF,NFC,WEST,Defensive Lineman,,Active
33934632,Khalil,Dinkins,Khalil Dinkins,30,San Francisco 49ers,SF,NFC,WEST,Tight End,43,Active
1175,Khalil,Dorsey,Khalil Dorsey,25,Detroit Lions,DET,NFC,NORTH,Cornerback,30,Active
33939570,Khalil,Jacobs,Khalil Jacobs,1,New England Patriots,NE,AFC,EAST,Linebacker,59,Active
1295,Khalil,Mack,Khalil Mack,17,Los Angeles Chargers,LAC,AFC,WEST,Linebacker,52,Active
712,Khalil,Shakir,Khalil Shakir,3,Buffalo Bills,BUF,AFC,EAST,Wide Receiver,10,Active
33935688,Khordae,Sydnor,Khordae Sydnor,8,Cleveland Browns,CLE,AFC,NORTH,Defensive End,90,Active
277932,Khristian,Boyd,Khristian Boyd,26,New Orleans Saints,NO,NFC,SOUTH,Defensive Tackle,97,Active
2435,Khyiris,Tonga,Khyiris Tonga,14,Kansas City Chiefs,KC,AFC,WEST,Defensive Tackle,92,Active
13878614,Kiko,Mauigoa,Kiko Mauigoa,4,New York Jets,NYJ,AFC,EAST,Linebacker,51,Active
366424,Kilian,Zierer,Kilian Zierer,13,Jacksonville Jaguars,JAX,AFC,SOUTH,Offensive Tackle,78,Active
279581,Kimani,Vidal,Kimani Vidal,17,Los Angeles Chargers,LAC,AFC,WEST,Running Back,28,Active
2209,Kindle,Vildor,Kindle Vildor,1,New England Patriots,NE,AFC,EAST,Cornerback,28,Active
366146,Kingsley,Eguakun,Kingsley Eguakun,20,New York Giants,NYG,NFC,EAST,Center,,Active
1525,Kingsley,Enagbare,Kingsley Enagbare,4,New York Jets,NYJ,AFC,EAST,Linebacker,52,Active
2304,Kingsley,Jonathan,Kingsley Jonathan,4,New York Jets,NYJ,AFC,EAST,Defensive End,57,Active
279385,Kingsley,Suamataia,Kingsley Suamataia,14,Kansas City Chiefs,KC,AFC,WEST,Offensive Tackle,76,Active
280513,Kiran,Amegadjie,Kiran Amegadjie,18,Philadelphia Eagles,PHI,NFC,EAST,Offensive Tackle,,Active
26,Kirk,Cousins,Kirk Cousins,16,Las Vegas Raiders,LV,AFC,WEST,Quarterback,8,Active
13879044,Kitan,Crawford,Kitan Crawford,33,Arizona Cardinals,ARI,NFC,WEST,Safety,36,Active
281347,Kitan,Oladapo,Kitan Oladapo,22,Green Bay Packers,GB,NFC,NORTH,Safety,27,Active
1259,Ko,Kieft,Ko Kieft,28,Tampa Bay Buccaneers,TB,NFC,SOUTH,Tight End,41,Active
1323,Kobie,Turner,Kobie Turner,32,Los Angeles Rams,LAR,NFC,WEST,Defensive End,91,Active
282010,Kohl,Levao,Kohl Levao,4,New York Jets,NYJ,AFC,EAST,Guard,60,Active
33937826,Kolbe,Katsis,Kolbe Katsis,15,Denver Broncos,DEN,AFC,WEST,Wide Receiver,81,Active
33934639,Kole,Wilson,Kole Wilson,8,Cleveland Browns,CLE,AFC,NORTH,Wide Receiver,87,Active
70804,Kolton,Miller,Kolton Miller,16,Las Vegas Raiders,LV,AFC,WEST,Offensive Tackle,74,Active
13874290,Konata,Mumpfield,Konata Mumpfield,32,Los Angeles Rams,LAR,NFC,WEST,Wide Receiver,4,Active
277938,Kool-Aid,McKinstry,Kool-Aid McKinstry,26,New Orleans Saints,NO,NFC,SOUTH,Cornerback,1,Active
13878883,Korie,Black,Korie Black,20,New York Giants,NYG,NFC,EAST,Cornerback,38,Active
279552,Kris,Abrams-Draine,Kris Abrams-Draine,15,Denver Broncos,DEN,AFC,WEST,Cornerback,31,Active
279046,Kris,Jenkins Jr.,Kris Jenkins Jr.,9,Cincinnati Bengals,CIN,AFC,NORTH,Defensive Tackle,90,Active
2172,Kristian,Fulton,Kristian Fulton,14,Kansas City Chiefs,KC,AFC,WEST,Cornerback,8,Active
2199,Kristian,Welch,Kristian Welch,22,Green Bay Packers,GB,NFC,NORTH,Linebacker,54,Active
281549,KT,Leveston,KT Leveston,8,Cleveland Browns,CLE,AFC,NORTH,Offensive Tackle,72,Active
13873972,Kurtis,Rourke,Kurtis Rourke,30,San Francisco 49ers,SF,NFC,WEST,Quarterback,14,Active
1326,Kwity,Paye,Kwity Paye,16,Las Vegas Raiders,LV,AFC,WEST,Defensive End,95,Active
805,Kyle,Allen,Kyle Allen,3,Buffalo Bills,BUF,AFC,EAST,Quarterback,11,Active
33934444,Kyle,Dixon,Kyle Dixon,1,New England Patriots,NE,AFC,EAST,Wide Receiver,83,Active
1554,Kyle,Dugger,Kyle Dugger,9,Cincinnati Bengals,CIN,AFC,NORTH,Safety,29,Active
1468,Kyle,Hamilton,Kyle Hamilton,6,Baltimore Ravens,BAL,AFC,NORTH,Safety,14,Active
281653,Kyle,Hergel,Kyle Hergel,24,Chicago Bears,CHI,NFC,NORTH,Guard,60,Active
280322,Kyle,Hinton,Kyle Hinton,27,Atlanta Falcons,ATL,NFC,SOUTH,Guard,68,Active
727,Kyle,Juszczyk,Kyle Juszczyk,30,San Francisco 49ers,SF,NFC,WEST,Fullback,44,Active
33935967,Kyle,Louis,Kyle Louis,5,Miami Dolphins,MIA,AFC,EAST,Linebacker,19,Active
13873779,Kyle,McCord,Kyle McCord,5,Miami Dolphins,MIA,AFC,EAST,Quarterback,,Active
13873984,Kyle,Monangai,Kyle Monangai,24,Chicago Bears,CHI,NFC,NORTH,Running Back,25,Active
797,Kyle,Pitts Sr.,Kyle Pitts Sr.,27,Atlanta Falcons,ATL,NFC,SOUTH,Tight End,8,Active
1319,Kyle,Van Noy,Kyle Van Noy,23,Minnesota Vikings,MIN,NFC,NORTH,Linebacker,,Active
13874592,Kyle,Williams,Kyle Williams,1,New England Patriots,NE,AFC,EAST,Wide Receiver,18,Active
757,Kylen,Granson,Kylen Granson,11,Tennessee Titans,TEN,AFC,SOUTH,Tight End,86,Active
7335183,Kyler,Baugh,Kyler Baugh,7,Pittsburgh Steelers,PIT,AFC,NORTH,Defensive Tackle,65,Active
1651,Kyler,Gordon,Kyler Gordon,24,Chicago Bears,CHI,NFC,NORTH,Cornerback,6,Active
41,Kyler,Murray,Kyler Murray,23,Minnesota Vikings,MIN,NFC,NORTH,Quarterback,1,Active
13878275,Kyonte,Hamilton,Kyonte Hamilton,10,Houston Texans,HOU,AFC,SOUTH,Defensive Tackle,58,Active
463,Kyren,Williams,Kyren Williams,32,Los Angeles Rams,LAR,NFC,WEST,Running Back,23,Active
1970,L.J.,Collier,L.J. Collier,33,Arizona Cardinals,ARI,NFC,WEST,Defensive End,91,Active
2242,L'Jarius,Sneed,L'Jarius Sneed,14,Kansas City Chiefs,KC,AFC,WEST,Cornerback,38,Active
2597,LaCale,London,LaCale London,27,Atlanta Falcons,ATL,NFC,SOUTH,Defensive End,94,Active
277681,Ladd,McConkey,Ladd McConkey,17,Los Angeles Chargers,LAC,AFC,WEST,Wide Receiver,15,Active
282042,Laekin,Vakalahi,Laekin Vakalahi,17,Los Angeles Chargers,LAC,AFC,WEST,Offensive Tackle,78,Active
279246,Laiatu,Latu,Laiatu Latu,12,Indianapolis Colts,IND,AFC,SOUTH,Defensive End,97,Active
13874468,LaJohntay,Wester,LaJohntay Wester,6,Baltimore Ravens,BAL,AFC,NORTH,Wide Receiver,10,Active
33934718,Lake,McRee,Lake McRee,7,Pittsburgh Steelers,PIT,AFC,NORTH,Tight End,81,Active
13878312,Laki,Tasi,Laki Tasi,11,Tennessee Titans,TEN,AFC,SOUTH,Defensive Tackle,68,Active
33,Lamar,Jackson,Lamar Jackson,6,Baltimore Ravens,BAL,AFC,NORTH,Quarterback,8,Active
13874021,Lan,Larison,Lan Larison,1,New England Patriots,NE,AFC,EAST,Running Back,34,Active
33935910,Lander,Barton,Lander Barton,17,Los Angeles Chargers,LAC,AFC,WEST,Linebacker,57,Active
2181,Landon,Dickerson,Landon Dickerson,18,Philadelphia Eagles,PHI,NFC,EAST,Guard,69,Active
13875308,Landon,Jackson,Landon Jackson,3,Buffalo Bills,BUF,AFC,EAST,Defensive End,94,Active
33935630,Landon,Robinson,Landon Robinson,9,Cincinnati Bengals,CIN,AFC,NORTH,Defensive Tackle,96,Active
57867,Lane,Johnson,Lane Johnson,18,Philadelphia Eagles,PHI,NFC,EAST,Offensive Tackle,65,Active
1207,Laquon,Treadwell,Laquon Treadwell,12,Indianapolis Colts,IND,AFC,SOUTH,Wide Receiver,13,Active
33936393,Lardarius,Webb Jr.,Lardarius Webb Jr.,6,Baltimore Ravens,BAL,AFC,NORTH,Cornerback,34,Active
70640,Laremy,Tunsil,Laremy Tunsil,21,Washington Commanders,WSH,NFC,EAST,Offensive Tackle,78,Active
2300,Larrell,Murchison,Larrell Murchison,32,Los Angeles Rams,LAR,NFC,WEST,Defensive End,52,Active
281680,Larry,Borom,Larry Borom,25,Detroit Lions,DET,NFC,NORTH,Offensive Tackle,79,Active
13878943,Lathan,Ransom,Lathan Ransom,29,Carolina Panthers,CAR,NFC,SOUTH,Safety,22,Active
33935810,Lee,Hunter,Lee Hunter,29,Carolina Panthers,CAR,NFC,SOUTH,Defensive Tackle,92,Active
13880679,Lenny,Krieg,Lenny Krieg,22,Green Bay Packers,GB,NFC,NORTH,Place kicker,38,Active
1463,Leo,Chenal,Leo Chenal,21,Washington Commanders,WSH,NFC,EAST,Linebacker,54,Active
280868,Leonard,Taylor III,Leonard Taylor III,1,New England Patriots,NE,AFC,EAST,Defensive Tackle,93,Active
1366,Leonard,Williams,Leonard Williams,31,Seattle Seahawks,SEA,NFC,WEST,Defensive Tackle,99,Active
13873919,LeQuint,Allen Jr.,LeQuint Allen Jr.,13,Jacksonville Jaguars,JAX,AFC,SOUTH,Running Back,5,Active
279574,Levelle,Bailey,Levelle Bailey,15,Denver Broncos,DEN,AFC,WEST,Linebacker,56,Active
280640,Levi Drake,Rodriguez,Levi Drake Rodriguez,23,Minnesota Vikings,MIN,NFC,NORTH,Defensive Tackle,50,Active
1621,Levi,Onwuzurike,Levi Onwuzurike,25,Detroit Lions,DET,NFC,NORTH,Defensive End,95,Active
7604685,Lew,Nichols,Lew Nichols,7,Pittsburgh Steelers,PIT,AFC,NORTH,Running Back,35,Active
33934169,Lewis,Bond,Lewis Bond,10,Houston Texans,HOU,AFC,SOUTH,Wide Receiver,82,Active
365997,Liam,Anderson,Liam Anderson,5,Miami Dolphins,MIA,AFC,EAST,Linebacker,,Active
2084,Liam,McCullough,Liam McCullough,27,Atlanta Falcons,ATL,NFC,SOUTH,Long Snapper,49,Active
1031,Lil'Jordan,Humphrey,Lil'Jordan Humphrey,15,Denver Broncos,DEN,AFC,WEST,Wide Receiver,5,Active
214894,Lloyd,Cushenberry III,Lloyd Cushenberry III,3,Buffalo Bills,BUF,AFC,EAST,Center,53,Active
13874965,Logan,Brown,Logan Brown,31,Seattle Seahawks,SEA,NFC,WEST,Offensive Tackle,73,Active
5,Logan,Cooke,Logan Cooke,13,Jacksonville Jaguars,JAX,AFC,SOUTH,Punter,9,Active
33935366,Logan,Fano,Logan Fano,8,Cleveland Browns,CLE,AFC,NORTH,Defensive End,97,Active
1703,Logan,Hall,Logan Hall,10,Houston Texans,HOU,AFC,SOUTH,Defensive End,96,Active
33934903,Logan,Jones,Logan Jones,24,Chicago Bears,CHI,NFC,NORTH,Center,54,Active
278710,Logan,Lee,Logan Lee,7,Pittsburgh Steelers,PIT,AFC,NORTH,Defensive Tackle,91,Active
33935301,Logan,Taylor,Logan Taylor,17,Los Angeles Chargers,LAC,AFC,WEST,Guard,65,Active
281996,Lorenz,Metz,Lorenz Metz,1,New England Patriots,NE,AFC,EAST,Offensive Tackle,72,Active
33936569,Lorenzo,Styles Jr.,Lorenzo Styles Jr.,26,New Orleans Saints,NO,NFC,SOUTH,Safety,36,Active
33935428,LT,Overton,LT Overton,19,Dallas Cowboys,DAL,NFC,EAST,Defensive Tackle,99,Active
1082,Lucas,Krull,Lucas Krull,15,Denver Broncos,DEN,AFC,WEST,Tight End,85,Active
281598,Lucky,Jackson,Lucky Jackson,25,Detroit Lions,DET,NFC,NORTH,Wide Receiver,11,Active
1420,Lukas,Van Ness,Lukas Van Ness,22,Green Bay Packers,GB,NFC,NORTH,Defensive End,90,Active
33933983,Luke,Altmyer,Luke Altmyer,25,Detroit Lions,DET,NFC,NORTH,Quarterback,2,Active
33940189,Luke,Basso,Luke Basso,15,Denver Broncos,DEN,AFC,WEST,Long Snapper,43,Active
1040,Luke,Farrell,Luke Farrell,30,San Francisco 49ers,SF,NFC,WEST,Tight End,89,Active
2166,Luke,Fortner,Luke Fortner,29,Carolina Panthers,CAR,NFC,SOUTH,Center,77,Active
1959,Luke,Gifford,Luke Gifford,30,San Francisco 49ers,SF,NFC,WEST,Linebacker,51,Active
2606,Luke,Goedeke,Luke Goedeke,28,Tampa Bay Buccaneers,TB,NFC,SOUTH,Offensive Tackle,67,Active
281976,Luke,Haggard,Luke Haggard,28,Tampa Bay Buccaneers,TB,NFC,SOUTH,Guard,72,Active
278126,Luke,McCaffrey,Luke McCaffrey,21,Washington Commanders,WSH,NFC,EAST,Wide Receiver,11,Active
939,Luke,Musgrave,Luke Musgrave,22,Green Bay Packers,GB,NFC,NORTH,Tight End,88,Active
13875241,Luke,Newman,Luke Newman,24,Chicago Bears,CHI,NFC,NORTH,Offensive Tackle,65,Active
1786,Luke,Rhodes,Luke Rhodes,12,Indianapolis Colts,IND,AFC,SOUTH,Long Snapper,46,Active
1117,Luke,Schoonmaker,Luke Schoonmaker,19,Dallas Cowboys,DAL,NFC,EAST,Tight End,86,Active
281729,Luke,Tenuta,Luke Tenuta,12,Indianapolis Colts,IND,AFC,SOUTH,Offensive Tackle,67,Active
279530,Luke,Wattenberg,Luke Wattenberg,15,Denver Broncos,DEN,AFC,WEST,Center,60,Active
2679,Luke,Wypler,Luke Wypler,8,Cleveland Browns,CLE,AFC,NORTH,Center,56,Active
13874242,Luther,Burden III,Luther Burden III,24,Chicago Bears,CHI,NFC,NORTH,Wide Receiver,10,Active
1971,M.J.,Stewart,M.J. Stewart,10,Houston Texans,HOU,AFC,SOUTH,Safety,29,Active
279185,Maason,Smith,Maason Smith,27,Atlanta Falcons,ATL,NFC,SOUTH,Defensive Tackle,92,Active
48,Mac,Jones,Mac Jones,30,San Francisco 49ers,SF,NFC,WEST,Quarterback,10,Active
13878912,Mac,McWilliams,Mac McWilliams,18,Philadelphia Eagles,PHI,NFC,EAST,Cornerback,22,Active
967,Mack,Hollins,Mack Hollins,1,New England Patriots,NE,AFC,EAST,Wide Receiver,13,Active
1430,Mack,Wilson Sr.,Mack Wilson Sr.,33,Arizona Cardinals,ARI,NFC,WEST,Linebacker,1,Active
13880583,Major,Burns,Major Burns,5,Miami Dolphins,MIA,AFC,EAST,Safety,43,Active
33934561,Makai,Lemon,Makai Lemon,18,Philadelphia Eagles,PHI,NFC,EAST,Wide Receiver,9,Active
279958,Malachi,Corley,Malachi Corley,8,Cleveland Browns,CLE,AFC,NORTH,Wide Receiver,11,Active
33934400,Malachi,Fields,Malachi Fields,20,New York Giants,NYG,NFC,EAST,Wide Receiver,0,Active
33935383,Malachi,Lawrence,Malachi Lawrence,19,Dallas Cowboys,DAL,NFC,EAST,Linebacker,57,Active
13880562,Malachi,Moore,Malachi Moore,4,New York Jets,NYJ,AFC,EAST,Safety,27,Active
13878786,Malaki,Starks,Malaki Starks,6,Baltimore Ravens,BAL,AFC,NORTH,Safety,24,Active
33939881,Malcolm,DeWalt IV,Malcolm DeWalt IV,27,Atlanta Falcons,ATL,NFC,SOUTH,Cornerback,36,Active
1333,Malcolm,Koonce,Malcolm Koonce,16,Las Vegas Raiders,LV,AFC,WEST,Defensive End,51,Active
2235,Malcolm,Roach,Malcolm Roach,15,Denver Broncos,DEN,AFC,WEST,Defensive Tackle,97,Active
1243,Malcolm,Rodriguez,Malcolm Rodriguez,25,Detroit Lions,DET,NFC,NORTH,Linebacker,44,Active
1380,Maliek,Collins,Maliek Collins,8,Cleveland Browns,CLE,AFC,NORTH,Defensive Tackle,96,Active
33934466,Malik,Benson,Malik Benson,16,Las Vegas Raiders,LV,AFC,WEST,Wide Receiver,19,Active
2320,Malik,Davis,Malik Davis,19,Dallas Cowboys,DAL,NFC,EAST,Running Back,20,Active
2246,Malik,Harrison,Malik Harrison,20,New York Giants,NYG,NFC,EAST,Linebacker,,Active
1551,Malik,Herring,Malik Herring,5,Miami Dolphins,MIA,AFC,EAST,Defensive End,90,Active
1981,Malik,Hooker,Malik Hooker,19,Dallas Cowboys,DAL,NFC,EAST,Safety,24,Active
33934401,Malik,McClain,Malik McClain,4,New York Jets,NYJ,AFC,EAST,Wide Receiver,84,Active
33936525,Malik,Muhammad,Malik Muhammad,24,Chicago Bears,CHI,NFC,NORTH,Cornerback,24,Active
281332,Malik,Mustapha,Malik Mustapha,30,San Francisco 49ers,SF,NFC,WEST,Safety,6,Active
277804,Malik,Nabers,Malik Nabers,20,New York Giants,NYG,NFC,EAST,Wide Receiver,1,Active
13880609,Malik,Verdon,Malik Verdon,27,Atlanta Falcons,ATL,NFC,SOUTH,Linebacker,43,Active
279725,Malik,Washington,Malik Washington,5,Miami Dolphins,MIA,AFC,EAST,Wide Receiver,6,Active
17,Malik,Willis,Malik Willis,5,Miami Dolphins,MIA,AFC,EAST,Quarterback,2,Active
33935961,Mansoor,Delane,Mansoor Delane,14,Kansas City Chiefs,KC,AFC,WEST,Cornerback,5,Active
13878174,Mapalo,Mwansa,Mapalo Mwansa,29,Carolina Panthers,CAR,NFC,SOUTH,Linebacker,58,Active
282033,Marcelino,McCrary-Ball,Marcelino McCrary-Ball,4,New York Jets,NYJ,AFC,EAST,Linebacker,41,Active
281008,Marcellas,Dial Jr.,Marcellas Dial Jr.,5,Miami Dolphins,MIA,AFC,EAST,Cornerback,,Active
363626,Marcellus,Johnson,Marcellus Johnson,19,Dallas Cowboys,DAL,NFC,EAST,Offensive Tackle,79,Active
33935764,Marcus,Allen,Marcus Allen,23,Minnesota Vikings,MIN,NFC,NORTH,Cornerback,29,Active
13875196,Marcus,Bryant,Marcus Bryant,1,New England Patriots,NE,AFC,EAST,Offensive Tackle,52,Active
1501,Marcus,Davenport,Marcus Davenport,24,Chicago Bears,CHI,NFC,NORTH,Defensive End,52,Active
2036,Marcus,Epps,Marcus Epps,18,Philadelphia Eagles,PHI,NFC,EAST,Safety,29,Active
366450,Marcus,Harris,Marcus Harris,14,Kansas City Chiefs,KC,AFC,WEST,Defensive Tackle,68,Active
13880618,Marcus,Harris,Marcus Harris,11,Tennessee Titans,TEN,AFC,SOUTH,Cornerback,26,Active
2354,Marcus,Jones,Marcus Jones,1,New England Patriots,NE,AFC,EAST,Cornerback,25,Active
44,Marcus,Mariota,Marcus Mariota,21,Washington Commanders,WSH,NFC,EAST,Quarterback,8,Active
13875087,Marcus,Mbow,Marcus Mbow,20,New York Giants,NYG,NFC,EAST,Offensive Tackle,71,Active
1492,Mario,Edwards Jr.,Mario Edwards Jr.,10,Houston Texans,HOU,AFC,SOUTH,Defensive Tackle,97,Active
2478,Mario,Goodrich III,Mario Goodrich III,11,Tennessee Titans,TEN,AFC,SOUTH,Cornerback,35,Active
278065,Marist,Liufau,Marist Liufau,19,Dallas Cowboys,DAL,NFC,EAST,Linebacker,35,Active
773,Mark,Andrews,Mark Andrews,6,Baltimore Ravens,BAL,AFC,NORTH,Tight End,89,Active
13874694,Mark,Redman,Mark Redman,22,Green Bay Packers,GB,NFC,NORTH,Tight End,,Active
33935398,Markel,Bell,Markel Bell,18,Philadelphia Eagles,PHI,NFC,EAST,Offensive Tackle,72,Active
2357,Markquese,Bell,Markquese Bell,19,Dallas Cowboys,DAL,NFC,EAST,Safety,14,Active
33945059,Marlen,Sewell,Marlen Sewell,24,Chicago Bears,CHI,NFC,NORTH,Safety,36,Active
33934499,Marlin,Klein,Marlin Klein,10,Houston Texans,HOU,AFC,SOUTH,Tight End,83,Active
2013,Marlon,Humphrey,Marlon Humphrey,6,Baltimore Ravens,BAL,AFC,NORTH,Cornerback,44,Active
13878547,Marlowe,Wax,Marlowe Wax,17,Los Angeles Chargers,LAC,AFC,WEST,Linebacker,58,Active
13878930,Marques,Sigle,Marques Sigle,30,San Francisco 49ers,SF,NFC,WEST,Safety,36,Active
279822,MarShawn,Lloyd,MarShawn Lloyd,22,Green Bay Packers,GB,NFC,NORTH,Running Back,32,Active
2670,Martin,Emerson Jr.,Martin Emerson Jr.,26,New Orleans Saints,NO,NFC,SOUTH,Cornerback,22,Active
277562,Marvin,Harrison Jr.,Marvin Harrison Jr.,33,Arizona Cardinals,ARI,NFC,WEST,Wide Receiver,18,Active
33935385,Marvin,Jones Jr.,Marvin Jones Jr.,31,Seattle Seahawks,SEA,NFC,WEST,Linebacker,59,Active
655,Marvin,Mims Jr.,Marvin Mims Jr.,15,Denver Broncos,DEN,AFC,WEST,Wide Receiver,19,Active
13878110,Mason,Graham,Mason Graham,8,Cleveland Browns,CLE,AFC,NORTH,Defensive Tackle,94,Active
278672,Mason,McCormick,Mason McCormick,7,Pittsburgh Steelers,PIT,AFC,NORTH,Guard,66,Active
13875070,Mason,Miller,Mason Miller,25,Detroit Lions,DET,NFC,NORTH,Guard,63,Active
33938638,Mason,Murphy,Mason Murphy,26,New Orleans Saints,NO,NFC,SOUTH,Offensive Tackle,,Active
33935464,Mason,Reiger,Mason Reiger,18,Philadelphia Eagles,PHI,NFC,EAST,Linebacker,90,Active
13874815,Mason,Richman,Mason Richman,31,Seattle Seahawks,SEA,NFC,WEST,Guard,78,Active
22,Mason,Rudolph,Mason Rudolph,7,Pittsburgh Steelers,PIT,AFC,NORTH,Quarterback,2,Active
13874782,Mason,Taylor,Mason Taylor,4,New York Jets,NYJ,AFC,EAST,Tight End,85,Active
277941,Mason,Tipton,Mason Tipton,26,New Orleans Saints,NO,NFC,SOUTH,Wide Receiver,15,Active
88212,Matt,Araiza,Matt Araiza,14,Kansas City Chiefs,KC,AFC,WEST,Punter,14,Active
2028,Matt,Dickerson,Matt Dickerson,13,Jacksonville Jaguars,JAX,AFC,SOUTH,Defensive End,93,Active
2421,Matt,Gay,Matt Gay,16,Las Vegas Raiders,LV,AFC,WEST,Place kicker,4,Active
279241,Matt,Goncalves,Matt Goncalves,12,Indianapolis Colts,IND,AFC,SOUTH,Guard,71,Active
33934906,Matt,Gulbin,Matt Gulbin,21,Washington Commanders,WSH,NFC,EAST,Center,66,Active
35933393,Matt,Hembrough,Matt Hembrough,33,Arizona Cardinals,ARI,NFC,WEST,Long Snapper,39,Active
414535,Matt,Hennessy,Matt Hennessy,19,Dallas Cowboys,DAL,NFC,EAST,Center,72,Active
2368,Matt,Henningsen,Matt Henningsen,15,Denver Broncos,DEN,AFC,WEST,Defensive End,91,Active
80555,Matt,Orzech,Matt Orzech,22,Green Bay Packers,GB,NFC,NORTH,Long Snapper,42,Active
2117,Matt,Peart,Matt Peart,15,Denver Broncos,DEN,AFC,WEST,Offensive Tackle,79,Active
246265,Matt,Pryor,Matt Pryor,33,Arizona Cardinals,ARI,NFC,WEST,Offensive Tackle,76,Active
280511,Matt,Waletzko,Matt Waletzko,14,Kansas City Chiefs,KC,AFC,WEST,Offensive Tackle,73,Active
2699,Matthew,Bergeron,Matthew Bergeron,27,Atlanta Falcons,ATL,NFC,SOUTH,Guard,65,Active
33934015,Matthew,Caldwell,Matthew Caldwell,32,Los Angeles Rams,LAR,NFC,WEST,Quarterback,2,Active
13874068,Matthew,Golden,Matthew Golden,22,Green Bay Packers,GB,NFC,NORTH,Wide Receiver,0,Active
33934589,Matthew,Hibner,Matthew Hibner,6,Baltimore Ravens,BAL,AFC,NORTH,Tight End,88,Active
63,Matthew,Stafford,Matthew Stafford,32,Los Angeles Rams,LAR,NFC,WEST,Quarterback,9,Active
33934231,Max,Bredeson,Max Bredeson,23,Minnesota Vikings,MIN,NFC,NORTH,Fullback,45,Active
13873841,Max,Brosmer,Max Brosmer,23,Minnesota Vikings,MIN,NFC,NORTH,Quarterback,12,Active
13873878,Max,Hurleman,Max Hurleman,7,Pittsburgh Steelers,PIT,AFC,NORTH,Running Back,84,Active
33935216,Max,Iheanachor,Max Iheanachor,7,Pittsburgh Steelers,PIT,AFC,NORTH,Offensive Tackle,71,Active
33934641,Max,Klare,Max Klare,32,Los Angeles Rams,LAR,NFC,WEST,Tight End,86,Active
33935408,Max,Llewellyn,Max Llewellyn,5,Miami Dolphins,MIA,AFC,EAST,Defensive End,57,Active
277568,Max,Melton,Max Melton,33,Arizona Cardinals,ARI,NFC,WEST,Cornerback,16,Active
243681,Max,Mitchell,Max Mitchell,4,New York Jets,NYJ,AFC,EAST,Offensive Tackle,61,Active
8355071,Max,Pircher,Max Pircher,10,Houston Texans,HOU,AFC,SOUTH,Offensive Tackle,,Active
13879085,Maxen,Hook,Maxen Hook,31,Seattle Seahawks,SEA,NFC,WEST,Safety,43,Active
33940165,Maximus,Pulley,Maximus Pulley,18,Philadelphia Eagles,PHI,NFC,EAST,Safety,36,Active
13878443,Maxwell,Hairston,Maxwell Hairston,3,Buffalo Bills,BUF,AFC,EAST,Cornerback,31,Active
1297,Maxx,Crosby,Maxx Crosby,16,Las Vegas Raiders,LV,AFC,WEST,Defensive End,98,Active
1661,Mazi,Smith,Mazi Smith,5,Miami Dolphins,MIA,AFC,EAST,Defensive Tackle,,Active
2490,Mekhi,Blackmon,Mekhi Blackmon,8,Cleveland Browns,CLE,AFC,NORTH,Cornerback,30,Active
278250,Mekhi,Wingo,Mekhi Wingo,25,Detroit Lions,DET,NFC,NORTH,Defensive Tackle,94,Active
13878398,Melvin,Smith Jr.,Melvin Smith Jr.,11,Tennessee Titans,TEN,AFC,SOUTH,Cornerback,,Active
280217,Messiah,Swinson,Messiah Swinson,8,Cleveland Browns,CLE,AFC,NORTH,Tight End,,Active
1655,Micah,McFadden,Micah McFadden,20,New York Giants,NYG,NFC,EAST,Linebacker,41,Active
33935271,Micah,Morris,Micah Morris,18,Philadelphia Eagles,PHI,NFC,EAST,Guard,76,Active
1299,Micah,Parsons,Micah Parsons,22,Green Bay Packers,GB,NFC,NORTH,Defensive End,1,Active
13878866,Micah,Robinson,Micah Robinson,11,Tennessee Titans,TEN,AFC,SOUTH,Cornerback,21,Active
7765,Michael,Bandy,Michael Bandy,15,Denver Broncos,DEN,AFC,WEST,Wide Receiver,83,Active
33937722,Michael,Briscoe,Michael Briscoe,23,Minnesota Vikings,MIN,NFC,NORTH,Wide Receiver,46,Active
714,Michael,Burton,Michael Burton,8,Cleveland Browns,CLE,AFC,NORTH,Fullback,34,Active
549,Michael,Carter,Michael Carter,11,Tennessee Titans,TEN,AFC,SOUTH,Running Back,35,Active
2307,Michael,Carter II,Michael Carter II,18,Philadelphia Eagles,PHI,NFC,EAST,Cornerback,35,Active
33936061,Michael,Coats Jr.,Michael Coats Jr.,8,Cleveland Browns,CLE,AFC,NORTH,Cornerback,39,Active
33936220,Michael,Dansby,Michael Dansby,31,Seattle Seahawks,SEA,NFC,WEST,Cornerback,37,Active
72603,Michael,Deiter,Michael Deiter,15,Denver Broncos,DEN,AFC,WEST,Center,67,Active
7713,Michael,Dickson,Michael Dickson,31,Seattle Seahawks,SEA,NFC,WEST,Punter,4,Active
1361,Michael,Hoecht,Michael Hoecht,3,Buffalo Bills,BUF,AFC,EAST,Defensive End,55,Active
278461,Michael,Jerrell,Michael Jerrell,27,Atlanta Falcons,ATL,NFC,SOUTH,Offensive Tackle,72,Active
280320,Michael,Jurgens,Michael Jurgens,23,Minnesota Vikings,MIN,NFC,NORTH,Center,65,Active
952,Michael,Mayer,Michael Mayer,16,Las Vegas Raiders,LV,AFC,WEST,Tight End,87,Active
280392,Michael,Niese,Michael Niese,25,Detroit Lions,DET,NFC,NORTH,Guard,62,Active
279875,Michael,Penix Jr.,Michael Penix Jr.,27,Atlanta Falcons,ATL,NFC,SOUTH,Quarterback,9,Active
820,Michael,Pittman Jr.,Michael Pittman Jr.,7,Pittsburgh Steelers,PIT,AFC,NORTH,Wide Receiver,11,Active
33936681,Michael,Taaffe,Michael Taaffe,5,Miami Dolphins,MIA,AFC,EAST,Safety,31,Active
33934826,Michael,Trigg,Michael Trigg,19,Dallas Cowboys,DAL,NFC,EAST,Tight End,46,Active
882,Michael,Wilson,Michael Wilson,33,Arizona Cardinals,ARI,NFC,WEST,Wide Receiver,14,Active
33934596,Michael,Wortham,Michael Wortham,13,Jacksonville Jaguars,JAX,AFC,SOUTH,Wide Receiver,0,Active
1695,Micheal,Clemons,Micheal Clemons,12,Indianapolis Colts,IND,AFC,SOUTH,Defensive End,72,Active
33935672,Mikail,Kamara,Mikail Kamara,30,San Francisco 49ers,SF,NFC,WEST,Defensive End,59,Active
279379,Mike,Caliendo,Mike Caliendo,14,Kansas City Chiefs,KC,AFC,WEST,Guard,66,Active
1352,Mike,Danna,Mike Danna,3,Buffalo Bills,BUF,AFC,EAST,Defensive End,51,Active
815,Mike,Evans,Mike Evans,30,San Francisco 49ers,SF,NFC,WEST,Wide Receiver,5,Active
1903,Mike,Ford Jr.,Mike Ford Jr.,27,Atlanta Falcons,ATL,NFC,SOUTH,Cornerback,28,Active
971,Mike,Gesicki,Mike Gesicki,9,Cincinnati Bengals,CIN,AFC,NORTH,Tight End,88,Active
13877817,Mike,Green,Mike Green,6,Baltimore Ravens,BAL,AFC,NORTH,Linebacker,15,Active
278611,Mike,Hall Jr.,Mike Hall Jr.,8,Cleveland Browns,CLE,AFC,NORTH,Defensive Tackle,51,Active
2067,Mike,Hughes,Mike Hughes,27,Atlanta Falcons,ATL,NFC,SOUTH,Cornerback,21,Active
2109,Mike,Jackson,Mike Jackson,29,Carolina Panthers,CAR,NFC,SOUTH,Cornerback,2,Active
1926,Mike,McGlinchey,Mike McGlinchey,15,Denver Broncos,DEN,AFC,WEST,Offensive Tackle,69,Active
2708,Mike,Morris,Mike Morris,31,Seattle Seahawks,SEA,NFC,WEST,Defensive End,94,Active
280495,Mike,Onwenu,Mike Onwenu,1,New England Patriots,NE,AFC,EAST,Guard,71,Active
13878791,Mike,Reid,Mike Reid,26,New Orleans Saints,NO,NFC,SOUTH,Cornerback,42,Active
278127,Mike,Sainristil,Mike Sainristil,21,Washington Commanders,WSH,NFC,EAST,Cornerback,0,Active
33934371,Mike,Washington Jr.,Mike Washington Jr.,16,Las Vegas Raiders,LV,AFC,WEST,Running Back,30,Active
13874752,Miles,Frazier,Miles Frazier,25,Detroit Lions,DET,NFC,NORTH,Guard,71,Active
1792,Miles,Killebrew,Miles Killebrew,28,Tampa Bay Buccaneers,TB,NFC,SOUTH,Safety,29,Active
33936505,Miles,Scott,Miles Scott,15,Denver Broncos,DEN,AFC,WEST,Safety,39,Active
83891,Milo,Eifler,Milo Eifler,11,Tennessee Titans,TEN,AFC,SOUTH,Linebacker,45,Active
1693,Milton,Williams,Milton Williams,1,New England Patriots,NE,AFC,EAST,Defensive Tackle,97,Active
2121,Minkah,Fitzpatrick,Minkah Fitzpatrick,4,New York Jets,NYJ,AFC,EAST,Safety,29,Active
7642,Mitch,Wishnowsky,Mitch Wishnowsky,1,New England Patriots,NE,AFC,EAST,Punter,,Active
13874599,Mitchell,Evans,Mitchell Evans,29,Carolina Panthers,CAR,NFC,SOUTH,Tight End,84,Active
2035,Mitchell,Fraboni,Mitchell Fraboni,15,Denver Broncos,DEN,AFC,WEST,Long Snapper,48,Active
33936167,Mitchell,Melton,Mitchell Melton,12,Indianapolis Colts,IND,AFC,SOUTH,Defensive End,54,Active
281666,Mitchell,Tinsley,Mitchell Tinsley,10,Houston Texans,HOU,AFC,SOUTH,Wide Receiver,,Active
62,Mitchell,Trubisky,Mitchell Trubisky,11,Tennessee Titans,TEN,AFC,SOUTH,Quarterback,10,Active
1032,Mo,Alie-Cox,Mo Alie-Cox,12,Indianapolis Colts,IND,AFC,SOUTH,Tight End,81,Active
279746,Mohamed,Kamara,Mohamed Kamara,28,Tampa Bay Buccaneers,TB,NFC,SOUTH,Linebacker,59,Active
2692,Mohamoud,Diabate,Mohamoud Diabate,11,Tennessee Titans,TEN,AFC,SOUTH,Linebacker,44,Active
13874701,Moliki,Matavao,Moliki Matavao,26,New Orleans Saints,NO,NFC,SOUTH,Tight End,80,Active
33935490,Monroe,Freeling,Monroe Freeling,29,Carolina Panthers,CAR,NFC,SOUTH,Offensive Tackle,57,Active
2363,Montaric,Brown,Montaric Brown,13,Jacksonville Jaguars,JAX,AFC,SOUTH,Cornerback,1,Active
1301,Montez,Sweat,Montez Sweat,24,Chicago Bears,CHI,NFC,NORTH,Defensive End,98,Active
13874061,Montorie,Foster Jr.,Montorie Foster Jr.,31,Seattle Seahawks,SEA,NFC,WEST,Wide Receiver,87,Active
1720,Morgan,Cox,Morgan Cox,11,Tennessee Titans,TEN,AFC,SOUTH,Long Snapper,46,Active
58064,Morgan,Moses,Morgan Moses,1,New England Patriots,NE,AFC,EAST,Offensive Tackle,76,Active
2538,Moro,Ojomo,Moro Ojomo,18,Philadelphia Eagles,PHI,NFC,EAST,Defensive Tackle,97,Active
33940032,Mory,Bamba,Mory Bamba,4,New York Jets,NYJ,AFC,EAST,Cornerback,38,Active
33939875,Murvin,Kenion III,Murvin Kenion III,22,Green Bay Packers,GB,NFC,NORTH,Safety,39,Active
13875321,Mykel,Williams,Mykel Williams,30,San Francisco 49ers,SF,NFC,WEST,Defensive End,98,Active
1620,Myles,Bryant,Myles Bryant,8,Cleveland Browns,CLE,AFC,NORTH,Cornerback,27,Active
1298,Myles,Garrett,Myles Garrett,32,Los Angeles Rams,LAR,NFC,WEST,Defensive End,95,Active
278643,Myles,Harden,Myles Harden,8,Cleveland Browns,CLE,AFC,NORTH,Cornerback,26,Active
13875072,Myles,Hinton,Myles Hinton,9,Cincinnati Bengals,CIN,AFC,NORTH,Offensive Tackle,,Active
33937634,Myles,Montgomery,Myles Montgomery,1,New England Patriots,NE,AFC,EAST,Running Back,39,Active
1464,Myles,Murphy,Myles Murphy,9,Cincinnati Bengals,CIN,AFC,NORTH,Defensive End,99,Active
13874548,Myles,Price,Myles Price,23,Minnesota Vikings,MIN,NFC,NORTH,Wide Receiver,4,Active
2706,Nahshon,Wright,Nahshon Wright,4,New York Jets,NYJ,AFC,EAST,Cornerback,26,Active
467,Najee,Harris,Najee Harris,20,New York Giants,NYG,NFC,EAST,Running Back,22,Active
1708,Nakobe,Dean,Nakobe Dean,16,Las Vegas Raiders,LV,AFC,WEST,Linebacker,17,Active
33935903,Namdi,Obiazor,Namdi Obiazor,1,New England Patriots,NE,AFC,EAST,Linebacker,48,Active
2273,Naquan,Jones,Naquan Jones,23,Minnesota Vikings,MIN,NFC,NORTH,Defensive Tackle,,Active
1192,Nate,Adkins,Nate Adkins,15,Denver Broncos,DEN,AFC,WEST,Tight End,45,Active
33934603,Nate,Boerkircher,Nate Boerkircher,13,Jacksonville Jaguars,JAX,AFC,SOUTH,Tight End,87,Active
1630,Nate,Hobbs,Nate Hobbs,30,San Francisco 49ers,SF,NFC,WEST,Cornerback,22,Active
1521,Nate,Landman,Nate Landman,32,Los Angeles Rams,LAR,NFC,WEST,Linebacker,53,Active
281805,Nate,Lynn,Nate Lynn,4,New York Jets,NYJ,AFC,EAST,Defensive End,92,Active
281728,Nate,Thomas,Nate Thomas,10,Houston Texans,HOU,AFC,SOUTH,Offensive Tackle,71,Active
88197,Nate,Wiggins,Nate Wiggins,6,Baltimore Ravens,BAL,AFC,NORTH,Cornerback,2,Active
13873917,Nathan,Carter,Nathan Carter,14,Kansas City Chiefs,KC,AFC,WEST,Running Back,,Active
1455,Nathan,Shepherd,Nathan Shepherd,26,New Orleans Saints,NO,NFC,SOUTH,Defensive Tackle,93,Active
278620,Nathaniel,Watson,Nathaniel Watson,8,Cleveland Browns,CLE,AFC,NORTH,Linebacker,40,Active
13878274,Nazir,Stackhouse,Nazir Stackhouse,11,Tennessee Titans,TEN,AFC,SOUTH,Defensive Tackle,,Active
278481,Nehemiah,Pritchett,Nehemiah Pritchett,31,Seattle Seahawks,SEA,NFC,WEST,Cornerback,28,Active
2353,Nephi,Sewell,Nephi Sewell,24,Chicago Bears,CHI,NFC,NORTH,Linebacker,45,Active
1604,Neville,Gallimore,Neville Gallimore,24,Chicago Bears,CHI,NFC,NORTH,Defensive Tackle,90,Active
2651,Nic,Jones,Nic Jones,20,New York Giants,NYG,NFC,EAST,Cornerback,31,Active
13878243,Nic,Scourton,Nic Scourton,29,Carolina Panthers,CAR,NFC,SOUTH,Linebacker,11,Active
33934268,Nicholas,Singleton,Nicholas Singleton,11,Tennessee Titans,TEN,AFC,SOUTH,Running Back,32,Active
81080,Nick,Allegretti,Nick Allegretti,21,Washington Commanders,WSH,NFC,EAST,Guard,67,Active
33936052,Nick,Andersen,Nick Andersen,32,Los Angeles Rams,LAR,NFC,WEST,Safety,45,Active
33935572,Nick,Barrett,Nick Barrett,17,Los Angeles Chargers,LAC,AFC,WEST,Defensive Tackle,91,Active
2552,Nick,Bolton,Nick Bolton,14,Kansas City Chiefs,KC,AFC,WEST,Linebacker,32,Active
1311,Nick,Bosa,Nick Bosa,30,San Francisco 49ers,SF,NFC,WEST,Defensive End,97,Active
279099,Nick,Broeker,Nick Broeker,3,Buffalo Bills,BUF,AFC,EAST,Guard,65,Active
2630,Nick,Cross,Nick Cross,21,Washington Commanders,WSH,NFC,EAST,Safety,25,Active
13880574,Nick,Emmanwori,Nick Emmanwori,31,Seattle Seahawks,SEA,NFC,WEST,Safety,3,Active
7495,Nick,Folk,Nick Folk,27,Atlanta Falcons,ATL,NFC,SOUTH,Place kicker,6,Active
366114,Nick,Gargiulo,Nick Gargiulo,15,Denver Broncos,DEN,AFC,WEST,Guard,66,Active
1465,Nick,Herbig,Nick Herbig,7,Pittsburgh Steelers,PIT,AFC,NORTH,Linebacker,51,Active
13874386,Nick,Kallerup,Nick Kallerup,31,Seattle Seahawks,SEA,NFC,WEST,Tight End,89,Active
83448,Nick,Leverett,Nick Leverett,19,Dallas Cowboys,DAL,NFC,EAST,Guard,51,Active
13878255,Nick,Martin,Nick Martin,30,San Francisco 49ers,SF,NFC,WEST,Linebacker,45,Active
80106,Nick,Moore,Nick Moore,6,Baltimore Ravens,BAL,AFC,NORTH,Long Snapper,46,Active
30,Nick,Mullens,Nick Mullens,13,Jacksonville Jaguars,JAX,AFC,SOUTH,Quarterback,14,Active
1191,Nick,Muse,Nick Muse,27,Atlanta Falcons,ATL,NFC,SOUTH,Tight End,87,Active
776,Nick,Niemann,Nick Niemann,22,Green Bay Packers,GB,NFC,NORTH,Linebacker,31,Active
280486,Nick,Saldiveri,Nick Saldiveri,26,New Orleans Saints,NO,NFC,SOUTH,Offensive Tackle,64,Active
278527,Nick,Samac,Nick Samac,23,Minnesota Vikings,MIN,NFC,NORTH,Center,,Active
1964,Nick,Scott,Nick Scott,29,Carolina Panthers,CAR,NFC,SOUTH,Safety,21,Active
1252,Nick,Vannett,Nick Vannett,6,Baltimore Ravens,BAL,AFC,NORTH,Tight End,,Active
928,Nick,Westbrook-Ikhine,Nick Westbrook-Ikhine,12,Indianapolis Colts,IND,AFC,SOUTH,Wide Receiver,12,Active
13884054,Nick,Whiteside,Nick Whiteside,25,Detroit Lions,DET,NFC,NORTH,Cornerback,38,Active
280492,Nick,Zakelj,Nick Zakelj,30,San Francisco 49ers,SF,NFC,WEST,Offensive Tackle,63,Active
725,Nico,Collins,Nico Collins,10,Houston Texans,HOU,AFC,SOUTH,Wide Receiver,12,Active
1335,Nik,Bonitto,Nik Bonitto,15,Denver Broncos,DEN,AFC,WEST,Linebacker,15,Active
13878775,Nikko,Reed,Nikko Reed,17,Los Angeles Chargers,LAC,AFC,WEST,Cornerback,46,Active
279422,Nikko,Remigio,Nikko Remigio,14,Kansas City Chiefs,KC,AFC,WEST,Wide Receiver,81,Active
33938646,Niklas,Henning,Niklas Henning,16,Las Vegas Raiders,LV,AFC,WEST,Offensive Tackle,73,Active
84249,Nikola,Kalinic,Nikola Kalinic,24,Chicago Bears,CHI,NFC,NORTH,Tight End,86,Active
1300,Nnamdi,Madubuike,Nnamdi Madubuike,6,Baltimore Ravens,BAL,AFC,NORTH,Defensive Tackle,92,Active
914,Noah,Fant,Noah Fant,26,New Orleans Saints,NO,NFC,SOUTH,Tight End,87,Active
764,Noah,Gray,Noah Gray,14,Kansas City Chiefs,KC,AFC,WEST,Tight End,83,Active
2379,Noah,Igbinoghene,Noah Igbinoghene,8,Cleveland Browns,CLE,AFC,NORTH,Cornerback,,Active
2681,Noah,Sewell,Noah Sewell,24,Chicago Bears,CHI,NFC,NORTH,Linebacker,44,Active
33934458,Noah,Thomas,Noah Thomas,9,Cincinnati Bengals,CIN,AFC,NORTH,Wide Receiver,17,Active
33937735,Noah,Whittington,Noah Whittington,10,Houston Texans,HOU,AFC,SOUTH,Running Back,26,Active
13878479,Nohl,Williams,Nohl Williams,14,Kansas City Chiefs,KC,AFC,WEST,Cornerback,20,Active
33938604,Nolan,Rucci,Nolan Rucci,12,Indianapolis Colts,IND,AFC,SOUTH,Offensive Tackle,76,Active
1660,Nolan,Smith Jr.,Nolan Smith Jr.,18,Philadelphia Eagles,PHI,NFC,EAST,Linebacker,3,Active
33935239,Nyjalik,Kelly,Nyjalik Kelly,22,Green Bay Packers,GB,NFC,NORTH,Defensive End,47,Active
33939500,Nyzier,Fourqurean,Nyzier Fourqurean,32,Los Angeles Rams,LAR,NFC,WEST,Cornerback,25,Active
275257,O'Cyrus,Torrence,O'Cyrus Torrence,3,Buffalo Bills,BUF,AFC,EAST,Guard,64,Active
1386,Odafe,Oweh,Odafe Oweh,21,Washington Commanders,WSH,NFC,EAST,Linebacker,98,Active
881,Odell,Beckham Jr.,Odell Beckham Jr.,20,New York Giants,NYG,NFC,EAST,Wide Receiver,13,Active
1393,Ogbo,Okoronkwo,Ogbo Okoronkwo,30,San Francisco 49ers,SF,NFC,WEST,Linebacker,59,Active
33934794,Olaivavega,Ioane,Olaivavega Ioane,6,Baltimore Ravens,BAL,AFC,NORTH,Guard,71,Active
1028,Olamide,Zaccheaus,Olamide Zaccheaus,27,Atlanta Falcons,ATL,NFC,SOUTH,Wide Receiver,14,Active
13873940,Ollie,Gordon II,Ollie Gordon II,5,Miami Dolphins,MIA,AFC,EAST,Running Back,0,Active
280386,Olu,Fashanu,Olu Fashanu,4,New York Jets,NYJ,AFC,EAST,Offensive Tackle,74,Active
278452,Olu,Oluwatimi,Olu Oluwatimi,31,Seattle Seahawks,SEA,NFC,WEST,Center,55,Active
13879032,Oluwafemi,Oladejo,Oluwafemi Oladejo,11,Tennessee Titans,TEN,AFC,SOUTH,Defensive End,7,Active
33934299,Omar,Cooper Jr.,Omar Cooper Jr.,4,New York Jets,NYJ,AFC,EAST,Wide Receiver,83,Active
280925,Omar,Speights,Omar Speights,32,Los Angeles Rams,LAR,NFC,WEST,Linebacker,48,Active
33937807,Omari,Evans,Omari Evans,14,Kansas City Chiefs,KC,AFC,WEST,Wide Receiver,7,Active
13873977,Omarion,Hampton,Omarion Hampton,17,Los Angeles Chargers,LAC,AFC,WEST,Running Back,8,Active
13877626,Omarr,Norman-Lott,Omarr Norman-Lott,14,Kansas City Chiefs,KC,AFC,WEST,Defensive Tackle,55,Active
1586,Oren,Burks,Oren Burks,9,Cincinnati Bengals,CIN,AFC,NORTH,Linebacker,42,Active
1966,Orlando,Brown Jr.,Orlando Brown Jr.,9,Cincinnati Bengals,CIN,AFC,NORTH,Offensive Tackle,75,Active
13874754,Oronde,Gadsden,Oronde Gadsden,17,Los Angeles Chargers,LAC,AFC,WEST,Tight End,86,Active
1452,Osa,Odighizuwa,Osa Odighizuwa,30,San Francisco 49ers,SF,NFC,WEST,Defensive Tackle,92,Active
33934812,Oscar,Delp,Oscar Delp,26,New Orleans Saints,NO,NFC,SOUTH,Tight End,88,Active
2567,Otito,Ogbonnia,Otito Ogbonnia,19,Dallas Cowboys,DAL,NFC,EAST,Defensive Tackle,91,Active
2689,Owen,Pappoe,Owen Pappoe,11,Tennessee Titans,TEN,AFC,SOUTH,Linebacker,,Active
13875274,Ozzy,Trapilo,Ozzy Trapilo,24,Chicago Bears,CHI,NFC,NORTH,Offensive Tackle,75,Active
1450,P.J.,Locke,P.J. Locke,19,Dallas Cowboys,DAL,NFC,EAST,Safety,1,Active
273392,Paris,Johnson Jr.,Paris Johnson Jr.,33,Arizona Cardinals,ARI,NFC,WEST,Offensive Tackle,70,Active
33934912,Parker,Brailsford,Parker Brailsford,8,Cleveland Browns,CLE,AFC,NORTH,Center,52,Active
33935966,Parker,Hughes,Parker Hughes,13,Jacksonville Jaguars,JAX,AFC,SOUTH,Linebacker,53,Active
33938947,Parker,Petersen,Parker Petersen,29,Carolina Panthers,CAR,NFC,SOUTH,Defensive Tackle,69,Active
1057,Parker,Washington,Parker Washington,13,Jacksonville Jaguars,JAX,AFC,SOUTH,Wide Receiver,11,Active
23893805,Paschal,Ekeji,Paschal Ekeji,4,New York Jets,NYJ,AFC,EAST,Defensive End,54,Active
13874137,Pat,Bryant,Pat Bryant,15,Denver Broncos,DEN,AFC,WEST,Wide Receiver,13,Active
33934890,Pat,Coogan,Pat Coogan,11,Tennessee Titans,TEN,AFC,SOUTH,Center,79,Active
950,Pat,Freiermuth,Pat Freiermuth,7,Pittsburgh Steelers,PIT,AFC,NORTH,Tight End,88,Active
2574,Pat,Surtain II,Pat Surtain II,15,Denver Broncos,DEN,AFC,WEST,Cornerback,2,Active
13874553,Patrick,Herbert,Patrick Herbert,17,Los Angeles Chargers,LAC,AFC,WEST,Tight End,,Active
2399,Patrick,Johnson,Patrick Johnson,16,Las Vegas Raiders,LV,AFC,WEST,Defensive End,93,Active
1616,Patrick,Jones II,Patrick Jones II,29,Carolina Panthers,CAR,NFC,SOUTH,Linebacker,91,Active
34,Patrick,Mahomes,Patrick Mahomes,14,Kansas City Chiefs,KC,AFC,WEST,Quarterback,15,Active
73902,Patrick,Mekari,Patrick Mekari,13,Jacksonville Jaguars,JAX,AFC,SOUTH,Guard,65,Active
2563,Patrick,O'Connell,Patrick O'Connell,31,Seattle Seahawks,SEA,NFC,WEST,Linebacker,52,Active
279738,Patrick,Paul,Patrick Paul,5,Miami Dolphins,MIA,AFC,EAST,Offensive Tackle,52,Active
1431,Patrick,Queen,Patrick Queen,7,Pittsburgh Steelers,PIT,AFC,NORTH,Linebacker,6,Active
1136,Patrick,Ricard,Patrick Ricard,20,New York Giants,NYG,NFC,EAST,Fullback,45,Active
33935181,Paul,Rubelt,Paul Rubelt,28,Tampa Bay Buccaneers,TB,NFC,SOUTH,Offensive Tackle,76,Active
2382,Paulson,Adebo,Paulson Adebo,20,New York Giants,NYG,NFC,EAST,Cornerback,21,Active
1127,Payne,Durham,Payne Durham,28,Tampa Bay Buccaneers,TB,NFC,SOUTH,Tight End,87,Active
13878358,Payton,Page,Payton Page,4,New York Jets,NYJ,AFC,EAST,Defensive Tackle,98,Active
2303,Payton,Turner,Payton Turner,25,Detroit Lions,DET,NFC,NORTH,Defensive End,92,Active
277992,Payton,Wilson,Payton Wilson,7,Pittsburgh Steelers,PIT,AFC,NORTH,Linebacker,41,Active
82416,Penei,Sewell,Penei Sewell,25,Detroit Lions,DET,NFC,NORTH,Offensive Tackle,58,Active
2560,Percy,Butler,Percy Butler,21,Washington Commanders,WSH,NFC,EAST,Safety,35,Active
33935145,Pete,Nygra,Pete Nygra,14,Kansas City Chiefs,KC,AFC,WEST,Offensive Tackle,50,Active
1697,Pete,Werner,Pete Werner,26,New Orleans Saints,NO,NFC,SOUTH,Linebacker,20,Active
279311,Peter,Skoronski,Peter Skoronski,11,Tennessee Titans,TEN,AFC,SOUTH,Guard,77,Active
33935694,Peter,Woods,Peter Woods,14,Kansas City Chiefs,KC,AFC,WEST,Defensive Tackle,99,Active
996,Pharaoh,Brown,Pharaoh Brown,12,Indianapolis Colts,IND,AFC,SOUTH,Tight End,49,Active
2347,Phidarian,Mathis,Phidarian Mathis,3,Buffalo Bills,BUF,AFC,EAST,Defensive Tackle,72,Active
527,Pierre,Strong Jr.,Pierre Strong Jr.,22,Green Bay Packers,GB,NFC,NORTH,Running Back,22,Active
366307,PJ,Jules,PJ Jules,9,Cincinnati Bengals,CIN,AFC,NORTH,Safety,37,Active
1598,Poona,Ford,Poona Ford,32,Los Angeles Rams,LAR,NFC,WEST,Defensive Tackle,97,Active
13878316,Princely,Umanmielen,Princely Umanmielen,29,Carolina Panthers,CAR,NFC,SOUTH,Linebacker,3,Active
279987,Princeton,Fant,Princeton Fant,19,Dallas Cowboys,DAL,NFC,EAST,Tight End,85,Active
588,Puka,Nacua,Puka Nacua,32,Los Angeles Rams,LAR,NFC,WEST,Wide Receiver,12,Active
366456,Qadir,Ismail,Qadir Ismail,24,Chicago Bears,CHI,NFC,NORTH,Tight End,80,Active
1649,Quan,Martin,Quan Martin,21,Washington Commanders,WSH,NFC,EAST,Safety,20,Active
1485,Quay,Walker,Quay Walker,16,Las Vegas Raiders,LV,AFC,WEST,Linebacker,7,Active
13878459,Que,Robinson,Que Robinson,15,Denver Broncos,DEN,AFC,WEST,Linebacker,51,Active
718,Quentin,Johnston,Quentin Johnston,17,Los Angeles Chargers,LAC,AFC,WEST,Wide Receiver,1,Active
2422,Quentin,Lake,Quentin Lake,32,Los Angeles Rams,LAR,NFC,WEST,Safety,37,Active
33938205,Quentin,Moore,Quentin Moore,21,Washington Commanders,WSH,NFC,EAST,Tight End,40,Active
2023,Quenton,Nelson,Quenton Nelson,12,Indianapolis Colts,IND,AFC,SOUTH,Guard,56,Active
13878715,Quincy,Riley,Quincy Riley,26,New Orleans Saints,NO,NFC,SOUTH,Cornerback,29,Active
1497,Quincy,Williams,Quincy Williams,8,Cleveland Browns,CLE,AFC,NORTH,Linebacker,5,Active
13873786,Quinn,Ewers,Quinn Ewers,13,Jacksonville Jaguars,JAX,AFC,SOUTH,Quarterback,10,Active
2713,Quinn,Meinerz,Quinn Meinerz,15,Denver Broncos,DEN,AFC,WEST,Guard,77,Active
1374,Quinnen,Williams,Quinnen Williams,19,Dallas Cowboys,DAL,NFC,EAST,Defensive Tackle,92,Active
13874001,Quinshon,Judkins,Quinshon Judkins,8,Cleveland Browns,CLE,AFC,NORTH,Running Back,10,Active
33935755,Quintayvious,Hutchins,Quintayvious Hutchins,1,New England Patriots,NE,AFC,EAST,Linebacker,45,Active
1184,Quintin,Morris,Quintin Morris,13,Jacksonville Jaguars,JAX,AFC,SOUTH,Tight End,80,Active
88200,Quinyon,Mitchell,Quinyon Mitchell,18,Philadelphia Eagles,PHI,NFC,EAST,Cornerback,27,Active
281288,Qwan'tez,Stiggers,Qwan'tez Stiggers,4,New York Jets,NYJ,AFC,EAST,Cornerback,37,Active
33935540,R Mason,Thomas,R Mason Thomas,14,Kansas City Chiefs,KC,AFC,WEST,Defensive End,51,Active
474,Rachaad,White,Rachaad White,21,Washington Commanders,WSH,NFC,EAST,Running Back,1,Active
2443,Raheem,Layne,Raheem Layne,20,New York Giants,NYG,NFC,EAST,Safety,43,Active
13874158,Raheim,Sanders,Raheim Sanders,8,Cleveland Browns,CLE,AFC,NORTH,Running Back,35,Active
1681,Rakeem,Nunez-Roches,Rakeem Nunez-Roches,28,Tampa Bay Buccaneers,TB,NFC,SOUTH,Defensive Tackle,56,Active
1321,Rashan,Gary,Rashan Gary,19,Dallas Cowboys,DAL,NFC,EAST,Linebacker,7,Active
2366,Rashawn,Slater,Rashawn Slater,17,Los Angeles Chargers,LAC,AFC,WEST,Offensive Tackle,70,Active
795,Rashee,Rice,Rashee Rice,14,Kansas City Chiefs,KC,AFC,WEST,Wide Receiver,4,Active
33938575,Rasheed,Miller,Rasheed Miller,11,Tennessee Titans,TEN,AFC,SOUTH,Offensive Tackle,62,Active
2517,Rasheed,Walker,Rasheed Walker,29,Carolina Panthers,CAR,NFC,SOUTH,Offensive Tackle,63,Active
278566,Rasheen,Ali,Rasheen Ali,6,Baltimore Ravens,BAL,AFC,NORTH,Running Back,26,Active
640,Rashid,Shaheed,Rashid Shaheed,31,Seattle Seahawks,SEA,NFC,WEST,Wide Receiver,22,Active
683,Rashod,Bateman,Rashod Bateman,6,Baltimore Ravens,BAL,AFC,NORTH,Wide Receiver,7,Active
1609,Rasul,Douglas,Rasul Douglas,21,Washington Commanders,WSH,NFC,EAST,Cornerback,31,Active
277561,Ray,Davis,Ray Davis,3,Buffalo Bills,BUF,AFC,EAST,Running Back,7,Active
33935232,Rayshaun,Benny,Rayshaun Benny,6,Baltimore Ravens,BAL,AFC,NORTH,Defensive Tackle,99,Active
1570,Rayshawn,Jenkins,Rayshawn Jenkins,7,Pittsburgh Steelers,PIT,AFC,NORTH,Safety,31,Active
13878752,Rayuan,Lane III,Rayuan Lane III,13,Jacksonville Jaguars,JAX,AFC,SOUTH,Safety,25,Active
33935754,Red,Murdock,Red Murdock,15,Denver Broncos,DEN,AFC,WEST,Linebacker,50,Active
366324,Reddy,Steward,Reddy Steward,19,Dallas Cowboys,DAL,NFC,EAST,Cornerback,27,Active
2400,Reed,Blankenship,Reed Blankenship,10,Houston Texans,HOU,AFC,SOUTH,Safety,6,Active
366377,Reese,Taylor,Reese Taylor,5,Miami Dolphins,MIA,AFC,EAST,Cornerback,,Active
1253,Reggie,Gilliam,Reggie Gilliam,1,New England Patriots,NE,AFC,EAST,Fullback,44,Active
33934698,Reggie,Virgil,Reggie Virgil,33,Arizona Cardinals,ARI,NFC,WEST,Wide Receiver,82,Active
1846,Reid,Ferguson,Reid Ferguson,3,Buffalo Bills,BUF,AFC,EAST,Long Snapper,69,Active
13874898,Reid,Holskey,Reid Holskey,12,Indianapolis Colts,IND,AFC,SOUTH,Offensive Tackle,,Active
281496,Rejzohn,Wright,Rejzohn Wright,26,New Orleans Saints,NO,NFC,SOUTH,Cornerback,25,Active
281082,Renardo,Green,Renardo Green,30,San Francisco 49ers,SF,NFC,WEST,Cornerback,0,Active
33935636,Rene,Konga,Rene Konga,5,Miami Dolphins,MIA,AFC,EAST,Defensive Tackle,95,Active
539942,Rex,Sunahara,Rex Sunahara,8,Cleveland Browns,CLE,AFC,NORTH,Long Snapper,50,Active
499,Rhamondre,Stevenson,Rhamondre Stevenson,1,New England Patriots,NE,AFC,EAST,Running Back,38,Active
13878309,Ricky,Barber,Ricky Barber,21,Washington Commanders,WSH,NFC,EAST,Defensive Tackle,50,Active
281622,Ricky,Pearsall,Ricky Pearsall,30,San Francisco 49ers,SF,NFC,WEST,Wide Receiver,1,Active
13874261,Ricky,White III,Ricky White III,31,Seattle Seahawks,SEA,NFC,WEST,Wide Receiver,86,Active
520,Rico,Dowdle,Rico Dowdle,7,Pittsburgh Steelers,PIT,AFC,NORTH,Running Back,13,Active
277930,Rico,Payton,Rico Payton,20,New York Giants,NYG,NFC,EAST,Cornerback,36,Active
7629,Rigoberto,Sanchez,Rigoberto Sanchez,12,Indianapolis Colts,IND,AFC,SOUTH,Punter,8,Active
1810,Riley,Dixon,Riley Dixon,28,Tampa Bay Buccaneers,TB,NFC,SOUTH,Punter,9,Active
13873813,Riley,Leonard,Riley Leonard,12,Indianapolis Colts,IND,AFC,SOUTH,Quarterback,15,Active
33935153,Riley,Mahlman,Riley Mahlman,27,Atlanta Falcons,ATL,NFC,SOUTH,Offensive Tackle,76,Active
2607,Riley,Moss,Riley Moss,15,Denver Broncos,DEN,AFC,WEST,Cornerback,21,Active
33934796,Riley,Nowakowski,Riley Nowakowski,7,Pittsburgh Steelers,PIT,AFC,NORTH,Fullback,37,Active
7538,Riley,Patterson,Riley Patterson,5,Miami Dolphins,MIA,AFC,EAST,Place kicker,47,Active
33945098,Riley,Wilson,Riley Wilson,1,New England Patriots,NE,AFC,EAST,Linebacker,51,Active
2407,Riq,Woolen,Riq Woolen,18,Philadelphia Eagles,PHI,NFC,EAST,Cornerback,2,Active
13873967,RJ,Harvey,RJ Harvey,15,Denver Broncos,DEN,AFC,WEST,Running Back,12,Active
13880658,RJ,Mickens,RJ Mickens,17,Los Angeles Chargers,LAC,AFC,WEST,Safety,27,Active
29315488,Rob,Carter Jr.,Rob Carter Jr.,12,Indianapolis Colts,IND,AFC,SOUTH,Cornerback,39,Active
13873895,Robbie,Ouzts,Robbie Ouzts,31,Seattle Seahawks,SEA,NFC,WEST,Fullback,40,Active
1641,Robert,Beal Jr.,Robert Beal Jr.,5,Miami Dolphins,MIA,AFC,EAST,Defensive End,51,Active
1288,Robert,Hainsey,Robert Hainsey,13,Jacksonville Jaguars,JAX,AFC,SOUTH,Center,73,Active
33934290,Robert,Henry Jr.,Robert Henry Jr.,21,Washington Commanders,WSH,NFC,EAST,Running Back,30,Active
231661,Robert,Hunt,Robert Hunt,29,Carolina Panthers,CAR,NFC,SOUTH,Guard,50,Active
13878451,Robert,Longerbeam,Robert Longerbeam,18,Philadelphia Eagles,PHI,NFC,EAST,Cornerback,,Active
33936457,Robert,Spears-Jennings,Robert Spears-Jennings,7,Pittsburgh Steelers,PIT,AFC,NORTH,Safety,28,Active
1428,Robert,Spillane,Robert Spillane,1,New England Patriots,NE,AFC,EAST,Linebacker,14,Active
1075,Robert,Tonyan,Robert Tonyan,7,Pittsburgh Steelers,PIT,AFC,NORTH,Tight End,83,Active
33936751,Rocco,Underwood,Rocco Underwood,18,Philadelphia Eagles,PHI,NFC,EAST,Long Snapper,37,Active
2071,Rock,Ya-Sin,Rock Ya-Sin,25,Detroit Lions,DET,NFC,NORTH,Cornerback,23,Active
33939073,Rodney,McGraw,Rodney McGraw,5,Miami Dolphins,MIA,AFC,EAST,Defensive End,59,Active
33936619,Rodney,Shelley,Rodney Shelley,17,Los Angeles Chargers,LAC,AFC,WEST,Cornerback,24,Active
2416,Rodney,Thomas II,Rodney Thomas II,31,Seattle Seahawks,SEA,NFC,WEST,Safety,24,Active
1526,Roger,McCreary,Roger McCreary,25,Detroit Lions,DET,NFC,NORTH,Cornerback,21,Active
278534,Roger,Rosengarten,Roger Rosengarten,6,Baltimore Ravens,BAL,AFC,NORTH,Offensive Tackle,70,Active
33934285,Roman,Hemby,Roman Hemby,16,Las Vegas Raiders,LV,AFC,WEST,Running Back,37,Active
278664,Roman,Wilson,Roman Wilson,7,Pittsburgh Steelers,PIT,AFC,NORTH,Wide Receiver,14,Active
277866,Rome,Odunze,Rome Odunze,24,Chicago Bears,CHI,NFC,NORTH,Wide Receiver,15,Active
33935608,Romello,Height,Romello Height,30,San Francisco 49ers,SF,NFC,WEST,Defensive End,94,Active
861,Romeo,Doubs,Romeo Doubs,1,New England Patriots,NE,AFC,EAST,Wide Receiver,87,Active
1112,Ronnie,Bell,Ronnie Bell,16,Las Vegas Raiders,LV,AFC,WEST,Wide Receiver,,Active
1603,Ronnie,Harrison Jr.,Ronnie Harrison Jr.,5,Miami Dolphins,MIA,AFC,EAST,Linebacker,56,Active
2703,Ronnie,Hickman,Ronnie Hickman,8,Cleveland Browns,CLE,AFC,NORTH,Safety,33,Active
570,Ronnie,Rivers,Ronnie Rivers,32,Los Angeles Rams,LAR,NFC,WEST,Running Back,20,Active
73523,Ronnie,Stanley,Ronnie Stanley,6,Baltimore Ravens,BAL,AFC,NORTH,Offensive Tackle,79,Active
1542,Roquan,Smith,Roquan Smith,6,Baltimore Ravens,BAL,AFC,NORTH,Linebacker,0,Active
521,Roschon,Johnson,Roschon Johnson,24,Chicago Bears,CHI,NFC,NORTH,Running Back,23,Active
2127,Ross,Matiscik,Ross Matiscik,13,Jacksonville Jaguars,JAX,AFC,SOUTH,Long Snapper,46,Active
2252,Roy,Lopez,Roy Lopez,33,Arizona Cardinals,ARI,NFC,WEST,Defensive Tackle,51,Active
366083,Roy,Mbaeteka,Roy Mbaeteka,12,Indianapolis Colts,IND,AFC,SOUTH,Offensive Tackle,78,Active
1423,Roy,Robertson-Harris,Roy Robertson-Harris,20,New York Giants,NYG,NFC,EAST,Defensive Tackle,95,Active
13878522,Ruben,Hyppolite II,Ruben Hyppolite II,24,Chicago Bears,CHI,NFC,NORTH,Linebacker,47,Active
33935522,Rueben,Bain Jr.,Rueben Bain Jr.,28,Tampa Bay Buccaneers,TB,NFC,SOUTH,Linebacker,3,Active
280665,Ruke,Orhorhoro,Ruke Orhorhoro,13,Jacksonville Jaguars,JAX,AFC,SOUTH,Defensive Tackle,99,Active
2299,Russ,Yeast,Russ Yeast,9,Cincinnati Bengals,CIN,AFC,NORTH,Safety,39,Active
33936465,Ryan,Eckley,Ryan Eckley,6,Baltimore Ravens,BAL,AFC,NORTH,Punter,30,Active
13879086,Ryan,Fitzgerald,Ryan Fitzgerald,29,Carolina Panthers,CAR,NFC,SOUTH,Place kicker,10,Active
279886,Ryan,Flournoy,Ryan Flournoy,19,Dallas Cowboys,DAL,NFC,EAST,Wide Receiver,19,Active
278670,Ryan,McCollum,Ryan McCollum,7,Pittsburgh Steelers,PIT,AFC,NORTH,Center,62,Active
281928,Ryan,Miller,Ryan Miller,5,Miami Dolphins,MIA,AFC,EAST,Wide Receiver,84,Active
273801,Ryan,Neuzil,Ryan Neuzil,27,Atlanta Falcons,ATL,NFC,SOUTH,Center,64,Active
277623,Ryan,Rehkow,Ryan Rehkow,9,Cincinnati Bengals,CIN,AFC,NORTH,Punter,8,Active
33935219,Ryan,Schernecke,Ryan Schernecke,20,New York Giants,NYG,NFC,EAST,Offensive Tackle,70,Active
279672,Ryan,Van Demark,Ryan Van Demark,23,Minnesota Vikings,MIN,NFC,NORTH,Offensive Tackle,72,Active
7669,Ryan,Wright,Ryan Wright,26,New Orleans Saints,NO,NFC,SOUTH,Punter,17,Active
13875265,Rylie,Mills,Rylie Mills,31,Seattle Seahawks,SEA,NFC,WEST,Defensive Tackle,98,Active
33938989,Sabastian,Harsh,Sabastian Harsh,10,Houston Texans,HOU,AFC,SOUTH,Defensive End,74,Active
13875322,Sai'vion,Jones,Sai'vion Jones,15,Denver Broncos,DEN,AFC,WEST,Defensive End,95,Active
609,Salvon,Ahmed,Salvon Ahmed,24,Chicago Bears,CHI,NFC,NORTH,Running Back,36,Active
238130,Sam,Cosmi,Sam Cosmi,21,Washington Commanders,WSH,NFC,EAST,Guard,76,Active
70,Sam,Darnold,Sam Darnold,31,Seattle Seahawks,SEA,NFC,WEST,Quarterback,14,Active
78504,Sam,Ehlinger,Sam Ehlinger,15,Denver Broncos,DEN,AFC,WEST,Quarterback,4,Active
2259,Sam,Franklin Jr.,Sam Franklin Jr.,3,Buffalo Bills,BUF,AFC,EAST,Safety,28,Active
33938422,Sam,Hagen,Sam Hagen,10,Houston Texans,HOU,AFC,SOUTH,Guard,76,Active
279828,Sam,Hartman,Sam Hartman,21,Washington Commanders,WSH,NFC,EAST,Quarterback,15,Active
33935118,Sam,Hecht,Sam Hecht,29,Carolina Panthers,CAR,NFC,SOUTH,Center,75,Active
59,Sam,Howell,Sam Howell,19,Dallas Cowboys,DAL,NFC,EAST,Quarterback,16,Active
2155,Sam,Kamara,Sam Kamara,8,Cleveland Browns,CLE,AFC,NORTH,Defensive Tackle,92,Active
744,Sam,LaPorta,Sam LaPorta,25,Detroit Lions,DET,NFC,NORTH,Tight End,87,Active
7706,Sam,Martin,Sam Martin,29,Carolina Panthers,CAR,NFC,SOUTH,Punter,6,Active
80020,Sam,Mustipher,Sam Mustipher,13,Jacksonville Jaguars,JAX,AFC,SOUTH,Center,69,Active
82898,Sam,Okuayinonu,Sam Okuayinonu,30,San Francisco 49ers,SF,NFC,WEST,Defensive Tackle,91,Active
33934813,Sam,Roush,Sam Roush,24,Chicago Bears,CHI,NFC,NORTH,Tight End,87,Active
1406,Sam,Williams,Sam Williams,8,Cleveland Browns,CLE,AFC,NORTH,Linebacker,,Active
537,Samaje,Perine,Samaje Perine,9,Cincinnati Bengals,CIN,AFC,NORTH,Running Back,34,Active
1317,Samson,Ebukam,Samson Ebukam,27,Atlanta Falcons,ATL,NFC,SOUTH,Defensive End,52,Active
2463,Samuel,Womack III,Samuel Womack III,4,New York Jets,NYJ,AFC,EAST,Cornerback,22,Active
476,Saquon,Barkley,Saquon Barkley,18,Philadelphia Eagles,PHI,NFC,EAST,Running Back,26,Active
2647,Sauce,Gardner,Sauce Gardner,12,Indianapolis Colts,IND,AFC,SOUTH,Cornerback,1,Active
13874392,Savion,Williams,Savion Williams,22,Green Bay Packers,GB,NFC,NORTH,Wide Receiver,83,Active
79751,Scott,Daly,Scott Daly,22,Green Bay Packers,GB,NFC,NORTH,Long Snapper,46,Active
2591,Scott,Matlock,Scott Matlock,17,Los Angeles Chargers,LAC,AFC,WEST,Fullback,44,Active
1033,Scotty,Miller,Scotty Miller,24,Chicago Bears,CHI,NFC,NORTH,Wide Receiver,35,Active
9,Sean,Clifford,Sean Clifford,9,Cincinnati Bengals,CIN,AFC,NORTH,Quarterback,4,Active
33939682,Sean,Fresch,Sean Fresch,15,Denver Broncos,DEN,AFC,WEST,Cornerback,37,Active
1274,Sean,McKeon,Sean McKeon,12,Indianapolis Colts,IND,AFC,SOUTH,Tight End,49,Active
2142,Sean,Murphy-Bunting,Sean Murphy-Bunting,28,Tampa Bay Buccaneers,TB,NFC,SOUTH,Cornerback,,Active
280417,Sean,Rhyan,Sean Rhyan,22,Green Bay Packers,GB,NFC,NORTH,Guard,75,Active
668,Sean,Tucker,Sean Tucker,28,Tampa Bay Buccaneers,TB,NFC,SOUTH,Running Back,44,Active
13880711,Sebastian,Castro,Sebastian Castro,7,Pittsburgh Steelers,PIT,AFC,NORTH,Safety,49,Active
1445,Sebastian,Joseph-Day,Sebastian Joseph-Day,7,Pittsburgh Steelers,PIT,AFC,NORTH,Defensive Tackle,69,Active
13878122,Sebastian,Valdez,Sebastian Valdez,30,San Francisco 49ers,SF,NFC,WEST,Defensive Tackle,55,Active
279664,Sedrick,Van Pran-Granger,Sedrick Van Pran-Granger,12,Indianapolis Colts,IND,AFC,SOUTH,Center,,Active
2461,Segun,Olubi,Segun Olubi,16,Las Vegas Raiders,LV,AFC,WEST,Linebacker,50,Active
33934216,Seth,McGowan,Seth McGowan,12,Indianapolis Colts,IND,AFC,SOUTH,Running Back,20,Active
33934811,Seydou,Traore,Seydou Traore,5,Miami Dolphins,MIA,AFC,EAST,Tight End,49,Active
366228,Shaka,Heyward,Shaka Heyward,9,Cincinnati Bengals,CIN,AFC,NORTH,Linebacker,50,Active
279701,Shane,Buechele,Shane Buechele,3,Buffalo Bills,BUF,AFC,EAST,Quarterback,6,Active
78895,Shane,Zylstra,Shane Zylstra,1,New England Patriots,NE,AFC,EAST,Tight End,80,Active
1853,Shaq,Thompson,Shaq Thompson,3,Buffalo Bills,BUF,AFC,EAST,Linebacker,45,Active
13878082,Shaun,Dolac,Shaun Dolac,32,Los Angeles Rams,LAR,NFC,WEST,Linebacker,56,Active
13878995,Shavon,Revel Jr.,Shavon Revel Jr.,19,Dallas Cowboys,DAL,NFC,EAST,Cornerback,28,Active
366386,Shawn,Bowman,Shawn Bowman,33,Arizona Cardinals,ARI,NFC,WEST,Tight End,48,Active
13873908,Shedeur,Sanders,Shedeur Sanders,8,Cleveland Browns,CLE,AFC,NORTH,Quarterback,2,Active
1534,Shelby,Harris,Shelby Harris,20,New York Giants,NYG,NFC,EAST,Defensive Tackle,93,Active
1357,Sheldon,Rankins,Sheldon Rankins,10,Houston Texans,HOU,AFC,SOUTH,Defensive Tackle,98,Active
280807,Shemar,Bartholomew,Shemar Bartholomew,11,Tennessee Titans,TEN,AFC,SOUTH,Cornerback,,Active
13878382,Shemar,James,Shemar James,19,Dallas Cowboys,DAL,NFC,EAST,Linebacker,50,Active
13875341,Shemar,Stewart,Shemar Stewart,9,Cincinnati Bengals,CIN,AFC,NORTH,Defensive End,94,Active
13878293,Shemar,Turner,Shemar Turner,24,Chicago Bears,CHI,NFC,NORTH,Defensive Tackle,95,Active
1688,Shy,Tuttle,Shy Tuttle,21,Washington Commanders,WSH,NFC,EAST,Defensive Tackle,79,Active
33936377,Silas,Walters,Silas Walters,28,Tampa Bay Buccaneers,TB,NFC,SOUTH,Safety,,Active
1235,Simi,Fehoko,Simi Fehoko,33,Arizona Cardinals,ARI,NFC,WEST,Wide Receiver,80,Active
279497,Sincere,McCormick,Sincere McCormick,30,San Francisco 49ers,SF,NFC,WEST,Running Back,35,Active
279908,Sione,Vaki,Sione Vaki,25,Detroit Lions,DET,NFC,NORTH,Running Back,33,Active
1940,Siran,Neal,Siran Neal,30,San Francisco 49ers,SF,NFC,WEST,Cornerback,33,Active
2669,SirVocea,Dennis,SirVocea Dennis,28,Tampa Bay Buccaneers,TB,NFC,SOUTH,Linebacker,8,Active
81574,Skylar,Thompson,Skylar Thompson,6,Baltimore Ravens,BAL,AFC,NORTH,Quarterback,11,Active
33934214,Skyler,Bell,Skyler Bell,3,Buffalo Bills,BUF,AFC,EAST,Wide Receiver,13,Active
33935514,Skyler,Gill-Howard,Skyler Gill-Howard,25,Detroit Lions,DET,NFC,NORTH,Defensive Tackle,50,Active
33936626,Skyler,Thomas,Skyler Thomas,24,Chicago Bears,CHI,NFC,NORTH,Safety,38,Active
667,Skyy,Moore,Skyy Moore,22,Green Bay Packers,GB,NFC,NORTH,Wide Receiver,23,Active
13878528,Smael,Mondon Jr.,Smael Mondon Jr.,18,Philadelphia Eagles,PHI,NFC,EAST,Linebacker,42,Active
366426,Solomon,Byrd,Solomon Byrd,10,Houston Texans,HOU,AFC,SOUTH,Defensive End,50,Active
1382,Solomon,Thomas,Solomon Thomas,11,Tennessee Titans,TEN,AFC,SOUTH,Defensive Tackle,90,Active
33935979,Sonny,Styles,Sonny Styles,21,Washington Commanders,WSH,NFC,EAST,Linebacker,52,Active
278671,Spencer,Anderson,Spencer Anderson,7,Pittsburgh Steelers,PIT,AFC,NORTH,Guard,74,Active
80215,Spencer,Brown,Spencer Brown,3,Buffalo Bills,BUF,AFC,EAST,Offensive Tackle,79,Active
83883,Spencer,Burford,Spencer Burford,16,Las Vegas Raiders,LV,AFC,WEST,Guard,70,Active
33935187,Spencer,Fano,Spencer Fano,8,Cleveland Browns,CLE,AFC,NORTH,Offensive Tackle,55,Active
279782,Spencer,Rattler,Spencer Rattler,26,New Orleans Saints,NO,NFC,SOUTH,Quarterback,2,Active
278419,Spencer,Shrader,Spencer Shrader,12,Indianapolis Colts,IND,AFC,SOUTH,Place kicker,3,Active
2562,Starling,Thomas V,Starling Thomas V,33,Arizona Cardinals,ARI,NFC,WEST,Cornerback,24,Active
735,Stefon,Diggs,Stefon Diggs,21,Washington Commanders,WSH,NFC,EAST,Wide Receiver,3,Active
72450,Stephen,Carlson,Stephen Carlson,24,Chicago Bears,CHI,NFC,NORTH,Tight End,88,Active
13874125,Stephen,Gosnell,Stephen Gosnell,3,Buffalo Bills,BUF,AFC,EAST,Wide Receiver,89,Active
279791,Stetson,Bennett IV,Stetson Bennett IV,32,Los Angeles Rams,LAR,NFC,WEST,Quarterback,13,Active
281493,Steve,Avila,Steve Avila,32,Los Angeles Rams,LAR,NFC,WEST,Guard,73,Active
366397,Steven,Jones,Steven Jones,7,Pittsburgh Steelers,PIT,AFC,NORTH,Guard,79,Active
278460,Stone,Forsythe,Stone Forsythe,29,Carolina Panthers,CAR,NFC,SOUTH,Offensive Tackle,73,Active
1041,Stone,Smartt,Stone Smartt,26,New Orleans Saints,NO,NFC,SOUTH,Tight End,,Active
278365,Storm,Duck,Storm Duck,5,Miami Dolphins,MIA,AFC,EAST,Cornerback,29,Active
79706,Storm,Norton,Storm Norton,27,Atlanta Falcons,ATL,NFC,SOUTH,Offensive Tackle,77,Active
279430,Swayze,Bozeman,Swayze Bozeman,9,Cincinnati Bengals,CIN,AFC,NORTH,Linebacker,47,Active
2480,Sydney,Brown,Sydney Brown,27,Atlanta Falcons,ATL,NFC,SOUTH,Safety,29,Active
280291,T.J.,Bass,T.J. Bass,19,Dallas Cowboys,DAL,NFC,EAST,Guard,66,Active
33935290,T.J.,Bollers,T.J. Bollers,13,Jacksonville Jaguars,JAX,AFC,SOUTH,Defensive Tackle,94,Active
1475,T.J.,Edwards,T.J. Edwards,24,Chicago Bears,CHI,NFC,NORTH,Linebacker,53,Active
837,T.J.,Hockenson,T.J. Hockenson,23,Minnesota Vikings,MIN,NFC,NORTH,Tight End,87,Active
13878084,T.J.,Sanders,T.J. Sanders,3,Buffalo Bills,BUF,AFC,EAST,Defensive Tackle,98,Active
2322,T.J.,Slaton Jr.,T.J. Slaton Jr.,9,Cincinnati Bengals,CIN,AFC,NORTH,Defensive Tackle,98,Active
278555,T.J.,Tampa,T.J. Tampa,6,Baltimore Ravens,BAL,AFC,NORTH,Cornerback,27,Active
1292,T.J.,Watt,T.J. Watt,7,Pittsburgh Steelers,PIT,AFC,NORTH,Linebacker,90,Active
279316,T'Vondre,Sweat,T'Vondre Sweat,4,New York Jets,NYJ,AFC,EAST,Defensive Tackle,99,Active
33936007,Tacario,Davis,Tacario Davis,9,Cincinnati Bengals,CIN,AFC,NORTH,Cornerback,20,Active
13873817,Tahj,Brooks,Tahj Brooks,9,Cincinnati Bengals,CIN,AFC,NORTH,Running Back,25,Active
33936075,Tahj,Chambers,Tahj Chambers,12,Indianapolis Colts,IND,AFC,SOUTH,Linebacker,44,Active
13874250,Tai,Felton,Tai Felton,23,Minnesota Vikings,MIN,NFC,NORTH,Wide Receiver,13,Active
2496,Talanoa,Hufanga,Talanoa Hufanga,15,Denver Broncos,DEN,AFC,WEST,Safety,9,Active
280368,Taliese,Fuaga,Taliese Fuaga,26,New Orleans Saints,NO,NFC,SOUTH,Offensive Tackle,75,Active
569,Tank,Bigsby,Tank Bigsby,18,Philadelphia Eagles,PHI,NFC,EAST,Running Back,8,Active
112,Tank,Dell,Tank Dell,10,Houston Texans,HOU,AFC,SOUTH,Wide Receiver,1,Active
33934736,Tanner,Arkin,Tanner Arkin,1,New England Patriots,NE,AFC,EAST,Tight End,84,Active
98,Tanner,Hudson,Tanner Hudson,9,Cincinnati Bengals,CIN,AFC,NORTH,Tight End,87,Active
282007,Tanner,Ingle,Tanner Ingle,32,Los Angeles Rams,LAR,NFC,WEST,Safety,34,Active
33934677,Tanner,Koziol,Tanner Koziol,13,Jacksonville Jaguars,JAX,AFC,SOUTH,Tight End,89,Active
2529,Tanner,McCalister,Tanner McCalister,14,Kansas City Chiefs,KC,AFC,WEST,Safety,34,Active
279805,Tanner,McKee,Tanner McKee,18,Philadelphia Eagles,PHI,NFC,EAST,Quarterback,16,Active
33938612,Tanoa,Togiai,Tanoa Togiai,21,Washington Commanders,WSH,NFC,EAST,Guard,62,Active
1424,Tanoh,Kpassagnon,Tanoh Kpassagnon,11,Tennessee Titans,TEN,AFC,SOUTH,Defensive End,58,Active
279236,Tanor,Bortolini,Tanor Bortolini,12,Indianapolis Colts,IND,AFC,SOUTH,Center,60,Active
279621,Tarheeb,Still,Tarheeb Still,17,Los Angeles Chargers,LAC,AFC,WEST,Cornerback,4,Active
2454,Tariq,Castro-Fields,Tariq Castro-Fields,18,Philadelphia Eagles,PHI,NFC,EAST,Cornerback,41,Active
1592,Taron,Johnson,Taron Johnson,16,Las Vegas Raiders,LV,AFC,WEST,Cornerback,3,Active
13874935,Tate,Ratledge,Tate Ratledge,25,Detroit Lions,DET,NFC,NORTH,Guard,69,Active
280880,Tatum,Bethune,Tatum Bethune,30,San Francisco 49ers,SF,NFC,WEST,Linebacker,48,Active
2465,Tavierre,Thomas,Tavierre Thomas,23,Minnesota Vikings,MIN,NFC,NORTH,Safety,37,Active
1676,Tavius,Robinson,Tavius Robinson,6,Baltimore Ravens,BAL,AFC,NORTH,Linebacker,95,Active
279349,Tay,Martin,Tay Martin,25,Detroit Lions,DET,NFC,NORTH,Wide Receiver,17,Active
33934005,Taylen,Green,Taylen Green,8,Cleveland Browns,CLE,AFC,NORTH,Quarterback,15,Active
73469,Taylor,Moton,Taylor Moton,29,Carolina Panthers,CAR,NFC,SOUTH,Offensive Tackle,72,Active
366211,Te'Cory,Couch,Te'Cory Couch,3,Buffalo Bills,BUF,AFC,EAST,Cornerback,33,Active
1171,Teagan,Quitoriano,Teagan Quitoriano,33,Arizona Cardinals,ARI,NFC,WEST,Tight End,47,Active
1658,Teair,Tart,Teair Tart,17,Los Angeles Chargers,LAC,AFC,WEST,Defensive Tackle,93,Active
33934479,Ted,Hurst III,Ted Hurst III,28,Tampa Bay Buccaneers,TB,NFC,SOUTH,Wide Receiver,17,Active
83042,Ted,Karras,Ted Karras,9,Cincinnati Bengals,CIN,AFC,NORTH,Center,64,Active
13877780,Teddye,Buchanan,Teddye Buchanan,6,Baltimore Ravens,BAL,AFC,NORTH,Linebacker,40,Active
866,Tee,Higgins,Tee Higgins,9,Cincinnati Bengals,CIN,AFC,NORTH,Wide Receiver,5,Active
13875397,TeRah,Edwards,TeRah Edwards,29,Carolina Panthers,CAR,NFC,SOUTH,Defensive Tackle,96,Active
2498,Terell,Smith,Terell Smith,21,Washington Commanders,WSH,NFC,EAST,Cornerback,,Active
2086,Terence,Steele,Terence Steele,19,Dallas Cowboys,DAL,NFC,EAST,Offensive Tackle,78,Active
13874543,Terrance,Ferguson,Terrance Ferguson,32,Los Angeles Rams,LAR,NFC,WEST,Tight End,18,Active
1355,Terrel,Bernard,Terrel Bernard,3,Buffalo Bills,BUF,AFC,EAST,Linebacker,8,Active
2184,Terrell,Burgess,Terrell Burgess,11,Tennessee Titans,TEN,AFC,SOUTH,Safety,,Active
278251,Terrion,Arnold,Terrion Arnold,31,Seattle Seahawks,SEA,NFC,WEST,Cornerback,,Active
834,Terry,McLaurin,Terry McLaurin,21,Washington Commanders,WSH,NFC,EAST,Wide Receiver,17,Active
33935854,Terry,Webb,Terry Webb,17,Los Angeles Chargers,LAC,AFC,WEST,Defensive Tackle,64,Active
1518,Tershawn,Wharton,Tershawn Wharton,29,Carolina Panthers,CAR,NFC,SOUTH,Defensive Tackle,98,Active
13874457,Tetairoa,McMillan,Tetairoa McMillan,29,Carolina Panthers,CAR,NFC,SOUTH,Wide Receiver,4,Active
83572,Teven,Jenkins,Teven Jenkins,8,Cleveland Browns,CLE,AFC,NORTH,Guard,78,Active
13874268,Tez,Johnson,Tez Johnson,28,Tampa Bay Buccaneers,TB,NFC,SOUTH,Wide Receiver,15,Active
33940139,Thaddeus,Dixon,Thaddeus Dixon,20,New York Giants,NYG,NFC,EAST,Cornerback,39,Active
366112,Theo,Benedet,Theo Benedet,24,Chicago Bears,CHI,NFC,NORTH,Offensive Tackle,79,Active
2373,Theo,Jackson,Theo Jackson,23,Minnesota Vikings,MIN,NFC,NORTH,Safety,26,Active
277793,Theo,Johnson,Theo Johnson,20,New York Giants,NYG,NFC,EAST,Tight End,84,Active
13874355,Theo,Wease Jr.,Theo Wease Jr.,17,Los Angeles Chargers,LAC,AFC,WEST,Wide Receiver,82,Active
82893,Thomas,Booker IV,Thomas Booker IV,16,Las Vegas Raiders,LV,AFC,WEST,Defensive Tackle,99,Active
13874723,Thomas,Fidone II,Thomas Fidone II,20,New York Giants,NYG,NFC,EAST,Tight End,86,Active
13882307,Thomas,Gordon,Thomas Gordon,25,Detroit Lions,DET,NFC,NORTH,Tight End,82,Active
279484,Thomas,Harper,Thomas Harper,25,Detroit Lions,DET,NFC,NORTH,Safety,12,Active
1859,Thomas,Hennessy,Thomas Hennessy,4,New York Jets,NYJ,AFC,EAST,Long Snapper,42,Active
2734,Thomas,Incoom,Thomas Incoom,29,Carolina Panthers,CAR,NFC,SOUTH,Linebacker,48,Active
279299,Thomas,Odukoya,Thomas Odukoya,14,Kansas City Chiefs,KC,AFC,WEST,Tight End,,Active
366055,Thomas,Yassmin,Thomas Yassmin,22,Green Bay Packers,GB,NFC,NORTH,Tight End,84,Active
1098,Tim,Jones,Tim Jones,13,Jacksonville Jaguars,JAX,AFC,SOUTH,Wide Receiver,13,Active
68772,Tim,Patrick,Tim Patrick,4,New York Jets,NYJ,AFC,EAST,Wide Receiver,17,Active
1608,Tim,Settle,Tim Settle,21,Washington Commanders,WSH,NFC,EAST,Defensive Tackle,97,Active
13878323,Tim,Smith,Tim Smith,12,Indianapolis Colts,IND,AFC,SOUTH,Defensive Tackle,93,Active
2265,Timmy,Horne,Timmy Horne,11,Tennessee Titans,TEN,AFC,SOUTH,Defensive Tackle,94,Active
280205,Tip,Reiman,Tip Reiman,33,Arizona Cardinals,ARI,NFC,WEST,Tight End,87,Active
33936174,TJ,Hall Jr.,TJ Hall Jr.,26,New Orleans Saints,NO,NFC,SOUTH,Cornerback,34,Active
33935897,TJ,Parker,TJ Parker,3,Buffalo Bills,BUF,AFC,EAST,Linebacker,99,Active
78168,Tom,Kennedy,Tom Kennedy,25,Detroit Lions,DET,NFC,NORTH,Wide Receiver,85,Active
56,Tommy,DeVito,Tommy DeVito,1,New England Patriots,NE,AFC,EAST,Quarterback,16,Active
33936655,Tommy,Doman Jr.,Tommy Doman Jr.,3,Buffalo Bills,BUF,AFC,EAST,Punter,39,Active
33935529,Tommy,Dunn Jr.,Tommy Dunn Jr.,19,Dallas Cowboys,DAL,NFC,EAST,Defensive Tackle,95,Active
279472,Tommy,Eichenberg,Tommy Eichenberg,16,Las Vegas Raiders,LV,AFC,WEST,Linebacker,44,Active
79424,Tommy,Togiai,Tommy Togiai,10,Houston Texans,HOU,AFC,SOUTH,Defensive Tackle,72,Active
6,Tommy,Townsend,Tommy Townsend,11,Tennessee Titans,TEN,AFC,SOUTH,Punter,3,Active
1003,Tommy,Tremble,Tommy Tremble,29,Carolina Panthers,CAR,NFC,SOUTH,Tight End,82,Active
13878170,Tonka,Hemingway,Tonka Hemingway,16,Las Vegas Raiders,LV,AFC,WEST,Defensive Tackle,97,Active
2313,Tony,Adams,Tony Adams,11,Tennessee Titans,TEN,AFC,SOUTH,Safety,38,Active
2410,Tony,Fields II,Tony Fields II,24,Chicago Bears,CHI,NFC,NORTH,Linebacker,43,Active
55032,Tony,Jefferson,Tony Jefferson,17,Los Angeles Chargers,LAC,AFC,WEST,Safety,23,Active
472,Tony,Pollard,Tony Pollard,11,Tennessee Titans,TEN,AFC,SOUTH,Running Back,20,Active
33936334,Toriano,Pride Jr.,Toriano Pride Jr.,8,Cleveland Browns,CLE,AFC,NORTH,Cornerback,,Active
13874971,Torricelli,Simpkins III,Torricelli Simpkins III,29,Carolina Panthers,CAR,NFC,SOUTH,Guard,,Active
13874098,Tory,Horton,Tory Horton,31,Seattle Seahawks,SEA,NFC,WEST,Wide Receiver,15,Active
277870,Tory,Taylor,Tory Taylor,24,Chicago Bears,CHI,NFC,NORTH,Punter,19,Active
13878549,Trace,Ford,Trace Ford,20,New York Giants,NYG,NFC,EAST,Linebacker,48,Active
2411,Travis,Bell,Travis Bell,8,Cleveland Browns,CLE,AFC,NORTH,Defensive Tackle,66,Active
33935380,Travis,Burke,Travis Burke,17,Los Angeles Chargers,LAC,AFC,WEST,Offensive Tackle,77,Active
279704,Travis,Clayton,Travis Clayton,3,Buffalo Bills,BUF,AFC,EAST,Offensive Tackle,67,Active
471,Travis,Etienne Jr.,Travis Etienne Jr.,26,New Orleans Saints,NO,NFC,SOUTH,Running Back,3,Active
280441,Travis,Glover,Travis Glover,22,Green Bay Packers,GB,NFC,NORTH,Offensive Tackle,79,Active
1275,Travis,Homer,Travis Homer,7,Pittsburgh Steelers,PIT,AFC,NORTH,Running Back,21,Active
13874106,Travis,Hunter,Travis Hunter,13,Jacksonville Jaguars,JAX,AFC,SOUTH,Wide Receiver,12,Active
1553,Travis,Jones,Travis Jones,6,Baltimore Ravens,BAL,AFC,NORTH,Defensive Tackle,98,Active
835,Travis,Kelce,Travis Kelce,14,Kansas City Chiefs,KC,AFC,WEST,Tight End,87,Active
1315,Travon,Walker,Travon Walker,13,Jacksonville Jaguars,JAX,AFC,SOUTH,Defensive End,44,Active
33937972,Trayvon,Rudolph,Trayvon Rudolph,23,Minnesota Vikings,MIN,NFC,NORTH,Wide Receiver,30,Active
1632,Tre,Brown,Tre Brown,4,New York Jets,NYJ,AFC,EAST,Cornerback,30,Active
597,Tre,Tucker,Tre Tucker,16,Las Vegas Raiders,LV,AFC,WEST,Wide Receiver,1,Active
13874688,Tre,Watson,Tre Watson,5,Miami Dolphins,MIA,AFC,EAST,Tight End,,Active
13874411,Tre',Harris,Tre' Harris,17,Los Angeles Chargers,LAC,AFC,WEST,Wide Receiver,9,Active
1524,Tre'von,Moehrig,Tre'von Moehrig,29,Carolina Panthers,CAR,NFC,SOUTH,Safety,7,Active
33934492,Trebor,Pena,Trebor Pena,13,Jacksonville Jaguars,JAX,AFC,SOUTH,Wide Receiver,86,Active
2135,Tremaine,Edmunds,Tremaine Edmunds,20,New York Giants,NYG,NFC,EAST,Linebacker,49,Active
2029,Tremon,Smith,Tremon Smith,10,Houston Texans,HOU,AFC,SOUTH,Cornerback,11,Active
279036,Trent,Brown,Trent Brown,10,Houston Texans,HOU,AFC,SOUTH,Offensive Tackle,77,Active
1461,Trent,McDuffie,Trent McDuffie,32,Los Angeles Rams,LAR,NFC,WEST,Cornerback,22,Active
1998,Trent,Scott,Trent Scott,21,Washington Commanders,WSH,NFC,EAST,Offensive Tackle,73,Active
1095,Trent,Sherfield,Trent Sherfield,3,Buffalo Bills,BUF,AFC,EAST,Wide Receiver,81,Active
1925,Trent,Sieg,Trent Sieg,19,Dallas Cowboys,DAL,NFC,EAST,Long Snapper,44,Active
1716,Trent,Williams,Trent Williams,30,San Francisco 49ers,SF,NFC,WEST,Offensive Tackle,71,Active
1669,Trenton,Simpson,Trenton Simpson,6,Baltimore Ravens,BAL,AFC,NORTH,Linebacker,32,Active
768,Tress,Way,Tress Way,21,Washington Commanders,WSH,NFC,EAST,Punter,10,Active
13873951,TreVeyon,Henderson,TreVeyon Henderson,1,New England Patriots,NE,AFC,EAST,Running Back,32,Active
280761,Trevin,Wallace,Trevin Wallace,4,New York Jets,NYJ,AFC,EAST,Linebacker,,Active
1606,Trevis,Gipson,Trevis Gipson,29,Carolina Panthers,CAR,NFC,SOUTH,Linebacker,52,Active
2257,Trevon,Diggs,Trevon Diggs,31,Seattle Seahawks,SEA,NFC,WEST,Cornerback,,Active
13874027,Trevor,Etienne,Trevor Etienne,29,Carolina Panthers,CAR,NFC,SOUTH,Running Back,23,Active
280361,Trevor,Keegan,Trevor Keegan,23,Minnesota Vikings,MIN,NFC,NORTH,Guard,,Active
42,Trevor,Lawrence,Trevor Lawrence,13,Jacksonville Jaguars,JAX,AFC,SOUTH,Quarterback,16,Active
2743,Trevor,Nowaske,Trevor Nowaske,25,Detroit Lions,DET,NFC,NORTH,Linebacker,53,Active
280428,Trevor,Penning,Trevor Penning,17,Los Angeles Chargers,LAC,AFC,WEST,Guard,75,Active
13878863,Trey,Amos,Trey Amos,21,Washington Commanders,WSH,NFC,EAST,Cornerback,23,Active
277560,Trey,Benson,Trey Benson,33,Arizona Cardinals,ARI,NFC,WEST,Running Back,33,Active
540704,Trey,Dean III,Trey Dean III,22,Green Bay Packers,GB,NFC,NORTH,Safety,35,Active
1293,Trey,Hendrickson,Trey Hendrickson,6,Baltimore Ravens,BAL,AFC,NORTH,Linebacker,91,Active
78230,Trey,Lance,Trey Lance,17,Los Angeles Chargers,LAC,AFC,WEST,Quarterback,5,Active
846,Trey,McBride,Trey McBride,33,Arizona Cardinals,ARI,NFC,WEST,Tight End,85,Active
33936062,Trey,Moore,Trey Moore,5,Miami Dolphins,MIA,AFC,EAST,Linebacker,17,Active
671,Trey,Palmer,Trey Palmer,26,New Orleans Saints,NO,NFC,SOUTH,Wide Receiver,10,Active
2618,Trey,Pipkins III,Trey Pipkins III,17,Los Angeles Chargers,LAC,AFC,WEST,Offensive Tackle,79,Active
559,Trey,Sermon,Trey Sermon,27,Atlanta Falcons,ATL,NFC,SOUTH,Running Back,44,Active
33936386,Trey,Smack,Trey Smack,22,Green Bay Packers,GB,NFC,NORTH,Place kicker,28,Active
2375,Trey,Smith,Trey Smith,14,Kansas City Chiefs,KC,AFC,WEST,Guard,65,Active
13880651,Trey,Washington,Trey Washington,12,Indianapolis Colts,IND,AFC,SOUTH,Safety,41,Active
33935054,Trey,Zuhn III,Trey Zuhn III,16,Las Vegas Raiders,LV,AFC,WEST,Center,66,Active
33936613,Treydan,Stukes,Treydan Stukes,16,Las Vegas Raiders,LV,AFC,WEST,Safety,31,Active
685,Treylon,Burks,Treylon Burks,21,Washington Commanders,WSH,NFC,EAST,Wide Receiver,13,Active
281618,Treyton,Welch,Treyton Welch,26,New Orleans Saints,NO,NFC,SOUTH,Tight End,82,Active
13878979,Trikweze,Bridges,Trikweze Bridges,9,Cincinnati Bengals,CIN,AFC,NORTH,Cornerback,,Active
2318,Tristan,Wirfs,Tristan Wirfs,28,Tampa Bay Buccaneers,TB,NFC,SOUTH,Offensive Tackle,78,Active
2430,Tristin,McCollum,Tristin McCollum,16,Las Vegas Raiders,LV,AFC,WEST,Safety,27,Active
1619,Troy,Dye,Troy Dye,17,Los Angeles Chargers,LAC,AFC,WEST,Linebacker,43,Active
278674,Troy,Fautanu,Troy Fautanu,7,Pittsburgh Steelers,PIT,AFC,NORTH,Offensive Tackle,76,Active
279519,Troy,Franklin,Troy Franklin,15,Denver Broncos,DEN,AFC,WEST,Wide Receiver,11,Active
1963,Troy,Reeder,Troy Reeder,4,New York Jets,NYJ,AFC,EAST,Linebacker,,Active
279428,Truman,Jones,Truman Jones,11,Tennessee Titans,TEN,AFC,SOUTH,Defensive End,56,Active
28,Tua,Tagovailoa,Tua Tagovailoa,27,Atlanta Falcons,ATL,NFC,SOUTH,Quarterback,1,Active
2156,Tucker,Addington,Tucker Addington,5,Miami Dolphins,MIA,AFC,EAST,Long Snapper,46,Active
935,Tucker,Kraft,Tucker Kraft,22,Green Bay Packers,GB,NFC,NORTH,Tight End,85,Active
33936714,Tucker,Large,Tucker Large,18,Philadelphia Eagles,PHI,NFC,EAST,Safety,37,Active
1405,Tuli,Tuipulotu,Tuli Tuipulotu,17,Los Angeles Chargers,LAC,AFC,WEST,Linebacker,45,Active
651,Tutu,Atwell,Tutu Atwell,32,Los Angeles Rams,LAR,NFC,WEST,Wide Receiver,8,Active
505,Ty,Chandler,Ty Chandler,26,New Orleans Saints,NO,NFC,SOUTH,Running Back,32,Active
13877955,Ty,Hamilton,Ty Hamilton,32,Los Angeles Rams,LAR,NFC,WEST,Defensive Tackle,57,Active
568,Ty,Johnson,Ty Johnson,3,Buffalo Bills,BUF,AFC,EAST,Running Back,26,Active
2414,Ty,Okada,Ty Okada,31,Seattle Seahawks,SEA,NFC,WEST,Safety,39,Active
33934598,Ty,Pezza,Ty Pezza,6,Baltimore Ravens,BAL,AFC,NORTH,Tight End,84,Active
13878259,Ty,Robinson,Ty Robinson,18,Philadelphia Eagles,PHI,NFC,EAST,Defensive Tackle,95,Active
33934033,Ty,Simpson,Ty Simpson,32,Los Angeles Rams,LAR,NFC,WEST,Quarterback,15,Active
280961,Ty'Ron,Hopper,Ty'Ron Hopper,22,Green Bay Packers,GB,NFC,NORTH,Linebacker,59,Active
2437,Tycen,Anderson,Tycen Anderson,15,Denver Broncos,DEN,AFC,WEST,Safety,6,Active
506,Tyjae,Spears,Tyjae Spears,11,Tennessee Titans,TEN,AFC,SOUTH,Running Back,2,Active
278128,Tykee,Smith,Tykee Smith,28,Tampa Bay Buccaneers,TB,NFC,SOUTH,Safety,23,Active
279671,Tylan,Grable,Tylan Grable,3,Buffalo Bills,BUF,AFC,EAST,Offensive Tackle,68,Active
1228,Tylan,Wallace,Tylan Wallace,8,Cleveland Browns,CLE,AFC,NORTH,Wide Receiver,16,Active
13878504,Tyleik,Williams,Tyleik Williams,25,Detroit Lions,DET,NFC,NORTH,Defensive Tackle,91,Active
494,Tyler,Allgeier,Tyler Allgeier,33,Arizona Cardinals,ARI,NFC,WEST,Running Back,22,Active
81946,Tyler,Badie,Tyler Badie,15,Denver Broncos,DEN,AFC,WEST,Running Back,28,Active
13875134,Tyler,Baron,Tyler Baron,4,New York Jets,NYJ,AFC,EAST,Defensive End,94,Active
2104,Tyler,Bass,Tyler Bass,3,Buffalo Bills,BUF,AFC,EAST,Place kicker,16,Active
13877866,Tyler,Batty,Tyler Batty,23,Minnesota Vikings,MIN,NFC,NORTH,Linebacker,92,Active
2188,Tyler,Biadasz,Tyler Biadasz,17,Los Angeles Chargers,LAC,AFC,WEST,Center,63,Active
13874689,Tyler,Booker,Tyler Booker,19,Dallas Cowboys,DAL,NFC,EAST,Guard,52,Active
774,Tyler,Conklin,Tyler Conklin,25,Detroit Lions,DET,NFC,NORTH,Tight End,83,Active
278246,Tyler,Davis,Tyler Davis,32,Los Angeles Rams,LAR,NFC,WEST,Defensive End,90,Active
590,Tyler,Goodson,Tyler Goodson,27,Atlanta Falcons,ATL,NFC,SOUTH,Running Back,25,Active
280356,Tyler,Guyton,Tyler Guyton,19,Dallas Cowboys,DAL,NFC,EAST,Offensive Tackle,60,Active
895,Tyler,Higbee,Tyler Higbee,32,Los Angeles Rams,LAR,NFC,WEST,Tight End,89,Active
80,Tyler,Huntley,Tyler Huntley,6,Baltimore Ravens,BAL,AFC,NORTH,Quarterback,5,Active
2532,Tyler,Lacy,Tyler Lacy,25,Detroit Lions,DET,NFC,NORTH,Defensive Tackle,93,Active
7666,Tyler,Linderbaum,Tyler Linderbaum,16,Las Vegas Raiders,LV,AFC,WEST,Center,65,Active
13878849,Tyler,Loop,Tyler Loop,6,Baltimore Ravens,BAL,AFC,NORTH,Place kicker,33,Active
33938688,Tyler,Miller,Tyler Miller,15,Denver Broncos,DEN,AFC,WEST,Offensive Tackle,71,Active
277797,Tyler,Nubin,Tyler Nubin,20,New York Giants,NYG,NFC,EAST,Safety,27,Active
33935550,Tyler,Onyedim,Tyler Onyedim,15,Denver Broncos,DEN,AFC,WEST,Defensive Tackle,98,Active
1771,Tyler,Ott,Tyler Ott,21,Washington Commanders,WSH,NFC,EAST,Long Snapper,69,Active
281336,Tyler,Owens,Tyler Owens,21,Washington Commanders,WSH,NFC,EAST,Safety,18,Active
13874050,Tyler,Shough,Tyler Shough,26,New Orleans Saints,NO,NFC,SOUTH,Quarterback,6,Active
2701,Tyler,Smith,Tyler Smith,19,Dallas Cowboys,DAL,NFC,EAST,Guard,73,Active
268798,Tyler,Steen,Tyler Steen,18,Philadelphia Eagles,PHI,NFC,EAST,Guard,56,Active
13874582,Tyler,Warren,Tyler Warren,12,Indianapolis Colts,IND,AFC,SOUTH,Tight End,84,Active
622,Tyquan,Thornton,Tyquan Thornton,14,Kansas City Chiefs,KC,AFC,WEST,Wide Receiver,2,Active
33935638,Tyre,West,Tyre West,25,Detroit Lions,DET,NFC,NORTH,Defensive Tackle,52,Active
33935457,Tyreak,Sapp,Tyreak Sapp,8,Cleveland Browns,CLE,AFC,NORTH,Defensive End,64,Active
1436,Tyree,Wilson,Tyree Wilson,26,New Orleans Saints,NO,NFC,SOUTH,Defensive End,98,Active
2509,Tyreke,Smith,Tyreke Smith,14,Kansas City Chiefs,KC,AFC,WEST,Defensive End,57,Active
1479,Tyrel,Dodson,Tyrel Dodson,29,Carolina Panthers,CAR,NFC,SOUTH,Linebacker,,Active
365861,Tyrell,Shavers,Tyrell Shavers,3,Buffalo Bills,BUF,AFC,EAST,Wide Receiver,14,Active
33934446,Tyren,Montgomery,Tyren Montgomery,11,Tennessee Titans,TEN,AFC,SOUTH,Wide Receiver,19,Active
278475,Tyrice,Knight,Tyrice Knight,31,Seattle Seahawks,SEA,NFC,WEST,Linebacker,48,Active
13875173,Tyrion,Ingram-Dawkins,Tyrion Ingram-Dawkins,23,Minnesota Vikings,MIN,NFC,NORTH,Defensive End,90,Active
2627,Tyrique,Stevenson,Tyrique Stevenson,24,Chicago Bears,CHI,NFC,NORTH,Cornerback,29,Active
51,Tyrod,Taylor,Tyrod Taylor,22,Green Bay Packers,GB,NFC,NORTH,Quarterback,6,Active
277784,Tyrone,Tracy Jr.,Tyrone Tracy Jr.,20,New York Giants,NYG,NFC,EAST,Running Back,29,Active
2725,Tyrus,Wheat,Tyrus Wheat,19,Dallas Cowboys,DAL,NFC,EAST,Linebacker,90,Active
40,Tyson,Bagent,Tyson Bagent,24,Chicago Bears,CHI,NFC,NORTH,Quarterback,17,Active
2599,Tyson,Campbell,Tyson Campbell,8,Cleveland Browns,CLE,AFC,NORTH,Cornerback,7,Active
2024,Tytus,Howard,Tytus Howard,8,Cleveland Browns,CLE,AFC,NORTH,Offensive Tackle,71,Active
33935780,Uar,Bernard,Uar Bernard,18,Philadelphia Eagles,PHI,NFC,EAST,Defensive Tackle,93,Active
1500,Uchenna,Nwosu,Uchenna Nwosu,31,Seattle Seahawks,SEA,NFC,WEST,Linebacker,7,Active
13873872,Ulysses,Bentley IV,Ulysses Bentley IV,12,Indianapolis Colts,IND,AFC,SOUTH,Running Back,37,Active
13878613,Upton,Stout,Upton Stout,30,San Francisco 49ers,SF,NFC,WEST,Cornerback,20,Active
13875111,Valentin,Senn,Valentin Senn,33,Arizona Cardinals,ARI,NFC,WEST,Offensive Tackle,69,Active
2315,Vederian,Lowe,Vederian Lowe,30,San Francisco 49ers,SF,NFC,WEST,Offensive Tackle,76,Active
621,Velus,Jones Jr.,Velus Jones Jr.,31,Seattle Seahawks,SEA,NFC,WEST,Wide Receiver,33,Active
278348,Ventrell,Miller,Ventrell Miller,13,Jacksonville Jaguars,JAX,AFC,SOUTH,Linebacker,51,Active
13878160,Vernon,Broughton,Vernon Broughton,26,New Orleans Saints,NO,NFC,SOUTH,Defensive Tackle,91,Active
33935305,Vincent,Anthony Jr.,Vincent Anthony Jr.,30,San Francisco 49ers,SF,NFC,WEST,Defensive End,,Active
33934283,Vinny,Anthony II,Vinny Anthony II,27,Atlanta Falcons,ATL,NFC,SOUTH,Wide Receiver,86,Active
1371,Vita,Vea,Vita Vea,28,Tampa Bay Buccaneers,TB,NFC,SOUTH,Defensive Tackle,50,Active
33936561,VJ,Payne,VJ Payne,4,New York Jets,NYJ,AFC,EAST,Safety,34,Active
1721,Von,Miller,Von Miller,19,Dallas Cowboys,DAL,NFC,EAST,Linebacker,40,Active
33935817,Wade,Woodaz,Wade Woodaz,10,Houston Texans,HOU,AFC,SOUTH,Linebacker,30,Active
84726,Walker,Little,Walker Little,13,Jacksonville Jaguars,JAX,AFC,SOUTH,Offensive Tackle,72,Active
13877951,Walter,Nolen III,Walter Nolen III,33,Arizona Cardinals,ARI,NFC,WEST,Defensive Tackle,97,Active
280515,Walter,Rouse,Walter Rouse,1,New England Patriots,NE,AFC,EAST,Offensive Lineman,73,Active
591,Wan'Dale,Robinson,Wan'Dale Robinson,11,Tennessee Titans,TEN,AFC,SOUTH,Wide Receiver,4,Active
279384,Wanya,Morris,Wanya Morris,19,Dallas Cowboys,DAL,NFC,EAST,Offensive Tackle,,Active
13875380,Warren,Brinson,Warren Brinson,22,Green Bay Packers,GB,NFC,NORTH,Defensive Tackle,91,Active
280467,Warren,McClendon Jr.,Warren McClendon Jr.,32,Los Angeles Rams,LAR,NFC,WEST,Offensive Tackle,71,Active
33939540,Wayne,Matthews III,Wayne Matthews III,24,Chicago Bears,CHI,NFC,NORTH,Linebacker,35,Active
33936477,Wes,Pahl,Wes Pahl,8,Cleveland Browns,CLE,AFC,NORTH,Punter,36,Active
33935392,Wesley,Bailey,Wesley Bailey,32,Los Angeles Rams,LAR,NFC,WEST,Linebacker,47,Active
33934367,Wesley,Grimes,Wesley Grimes,30,San Francisco 49ers,SF,NFC,WEST,Wide Receiver,18,Active
33935660,Wesley,Williams,Wesley Williams,13,Jacksonville Jaguars,JAX,AFC,SOUTH,Defensive End,90,Active
33936250,West,Weeks,West Weeks,12,Indianapolis Colts,IND,AFC,SOUTH,Linebacker,47,Active
7515,Wil,Lutz,Wil Lutz,15,Denver Broncos,DEN,AFC,WEST,Place kicker,3,Active
1346,Will,Anderson Jr.,Will Anderson Jr.,10,Houston Texans,HOU,AFC,SOUTH,Defensive End,51,Active
13875257,Will,Campbell,Will Campbell,1,New England Patriots,NE,AFC,EAST,Offensive Tackle,66,Active
83622,Will,Fries,Will Fries,23,Minnesota Vikings,MIN,NFC,NORTH,Guard,76,Active
13873794,Will,Howard,Will Howard,7,Pittsburgh Steelers,PIT,AFC,NORTH,Quarterback,18,Active
13878934,Will,Johnson,Will Johnson,33,Arizona Cardinals,ARI,NFC,WEST,Cornerback,2,Active
33934755,Will,Kacmarek,Will Kacmarek,5,Miami Dolphins,MIA,AFC,EAST,Tight End,82,Active
33936620,Will,Lee III,Will Lee III,29,Carolina Panthers,CAR,NFC,SOUTH,Cornerback,24,Active
997,Will,Mallory,Will Mallory,12,Indianapolis Colts,IND,AFC,SOUTH,Tight End,86,Active
1460,Will,McDonald IV,Will McDonald IV,4,New York Jets,NYJ,AFC,EAST,Defensive End,9,Active
33934407,Will,Pauling,Will Pauling,30,San Francisco 49ers,SF,NFC,WEST,Wide Receiver,84,Active
279503,Will,Putnam,Will Putnam,16,Las Vegas Raiders,LV,AFC,WEST,Center,67,Active
277801,Will,Reichard,Will Reichard,23,Minnesota Vikings,MIN,NFC,NORTH,Place kicker,16,Active
13882261,Will,Sheppard,Will Sheppard,5,Miami Dolphins,MIA,AFC,EAST,Wide Receiver,,Active
88195,Will,Shipley,Will Shipley,18,Philadelphia Eagles,PHI,NFC,EAST,Running Back,28,Active
366224,William,Sherman,William Sherman,26,New Orleans Saints,NO,NFC,SOUTH,Guard,66,Active
13878966,William,Wagner,William Wagner,9,Cincinnati Bengals,CIN,AFC,NORTH,Long Snapper,46,Active
1643,Willie,Gay Jr.,Willie Gay Jr.,5,Miami Dolphins,MIA,AFC,EAST,Linebacker,40,Active
13874733,Willie,Lampkin,Willie Lampkin,18,Philadelphia Eagles,PHI,NFC,EAST,Center,61,Active
278619,Winston,Reid,Winston Reid,8,Cleveland Browns,CLE,AFC,NORTH,Linebacker,59,Active
13873922,Woody,Marks,Woody Marks,10,Houston Texans,HOU,AFC,SOUTH,Running Back,4,Active
13874938,Wyatt,Milum,Wyatt Milum,13,Jacksonville Jaguars,JAX,AFC,SOUTH,Guard,64,Active
1888,Wyatt,Teller,Wyatt Teller,10,Houston Texans,HOU,AFC,SOUTH,Guard,75,Active
33936724,Wydett,Williams Jr.,Wydett Williams Jr.,33,Arizona Cardinals,ARI,NFC,WEST,Safety,31,Active
13874309,Xavier,Guillory,Xavier Guillory,6,Baltimore Ravens,BAL,AFC,NORTH,Wide Receiver,16,Active
624,Xavier,Hutchinson,Xavier Hutchinson,10,Houston Texans,HOU,AFC,SOUTH,Wide Receiver,19,Active
277936,Xavier,Legette,Xavier Legette,29,Carolina Panthers,CAR,NFC,SOUTH,Wide Receiver,17,Active
1696,Xavier,McKinney,Xavier McKinney,22,Green Bay Packers,GB,NFC,NORTH,Safety,29,Active
260461,Xavier,Newman,Xavier Newman,4,New York Jets,NYJ,AFC,EAST,Guard,65,Active
33936453,Xavier,Nwankpa,Xavier Nwankpa,14,Kansas City Chiefs,KC,AFC,WEST,Safety,29,Active
13874312,Xavier,Restrepo,Xavier Restrepo,11,Tennessee Titans,TEN,AFC,SOUTH,Wide Receiver,87,Active
281732,Xavier,Smith,Xavier Smith,32,Los Angeles Rams,LAR,NFC,WEST,Wide Receiver,19,Active
13880650,Xavier,Watts,Xavier Watts,27,Atlanta Falcons,ATL,NFC,SOUTH,Safety,31,Active
280138,Xavier,Weaver,Xavier Weaver,33,Arizona Cardinals,ARI,NFC,WEST,Wide Receiver,89,Active
34314457,Xavier,Williams,Xavier Williams,28,Tampa Bay Buccaneers,TB,NFC,SOUTH,Safety,26,Active
1869,Xavier,Woods,Xavier Woods,24,Chicago Bears,CHI,NFC,NORTH,Safety,23,Active
88093,Xavier,Worthy,Xavier Worthy,14,Kansas City Chiefs,KC,AFC,WEST,Wide Receiver,1,Active
13875062,Yahya,Black,Yahya Black,7,Pittsburgh Steelers,PIT,AFC,NORTH,Defensive End,94,Active
2495,Yasir,Abdullah,Yasir Abdullah,27,Atlanta Falcons,ATL,NFC,SOUTH,Linebacker,,Active
33939557,Yasir,Holmes,Yasir Holmes,28,Tampa Bay Buccaneers,TB,NFC,SOUTH,Linebacker,57,Active
1341,Yaya,Diaby,Yaya Diaby,28,Tampa Bay Buccaneers,TB,NFC,SOUTH,Linebacker,0,Active
1367,Za'Darius,Smith,Za'Darius Smith,27,Atlanta Falcons,ATL,NFC,SOUTH,Defensive End,91,Active
1383,Zach,Allen,Zach Allen,15,Denver Broncos,DEN,AFC,WEST,Defensive End,99,Active
2306,Zach,Bako-Bewele,Zach Bako-Bewele,22,Green Bay Packers,GB,NFC,NORTH,Offensive Tackle,50,Active
504,Zach,Charbonnet,Zach Charbonnet,31,Seattle Seahawks,SEA,NFC,WEST,Running Back,26,Active
33935402,Zach,Durfee,Zach Durfee,13,Jacksonville Jaguars,JAX,AFC,SOUTH,Defensive End,58,Active
278669,Zach,Frazier,Zach Frazier,7,Pittsburgh Steelers,PIT,AFC,NORTH,Center,54,Active
1462,Zach,Harrison,Zach Harrison,27,Atlanta Falcons,ATL,NFC,SOUTH,Defensive End,96,Active
1313,Zach,Sieler,Zach Sieler,5,Miami Dolphins,MIA,AFC,EAST,Defensive Tackle,92,Active
73,Zach,Wilson,Zach Wilson,26,New Orleans Saints,NO,NFC,SOUTH,Quarterback,4,Active
1794,Zach,Wood,Zach Wood,26,New Orleans Saints,NO,NFC,SOUTH,Long Snapper,49,Active
33934342,Zachariah,Branch,Zachariah Branch,27,Atlanta Falcons,ATL,NFC,SOUTH,Wide Receiver,17,Active
2323,Zachary,Carter,Zachary Carter,33,Arizona Cardinals,ARI,NFC,WEST,Defensive Tackle,90,Active
1512,Zack,Baun,Zack Baun,18,Philadelphia Eagles,PHI,NFC,EAST,Linebacker,53,Active
281771,Zaire,Barnes,Zaire Barnes,20,New York Giants,NYG,NFC,EAST,Linebacker,46,Active
1540,Zaire,Franklin,Zaire Franklin,22,Green Bay Packers,GB,NFC,NORTH,Linebacker,44,Active
308038,Zaire,Mitchell-Paden,Zaire Mitchell-Paden,10,Houston Texans,HOU,AFC,SOUTH,Tight End,,Active
278600,Zak,Zinter,Zak Zinter,8,Cleveland Browns,CLE,AFC,NORTH,Guard,70,Active
33936705,Zakee,Wheatley,Zakee Wheatley,29,Carolina Panthers,CAR,NFC,SOUTH,Safety,38,Active
507,Zamir,White,Zamir White,26,New Orleans Saints,NO,NFC,SOUTH,Running Back,33,Active
33935410,Zane,Durant,Zane Durant,3,Buffalo Bills,BUF,AFC,EAST,Defensive Tackle,92,Active
1432,Zaven,Collins,Zaven Collins,33,Arizona Cardinals,ARI,NFC,WEST,Linebacker,25,Active
281544,Zavier,Scott,Zavier Scott,24,Chicago Bears,CHI,NFC,NORTH,Running Back,,Active
33934612,Zavion,Thomas,Zavion Thomas,24,Chicago Bears,CHI,NFC,NORTH,Wide Receiver,81,Active
615,Zay,Flowers,Zay Flowers,6,Baltimore Ravens,BAL,AFC,NORTH,Wide Receiver,4,Active
2140,Zayne,Anderson,Zayne Anderson,5,Miami Dolphins,MIA,AFC,EAST,Safety,23,Active
80356,Zech,McPhearson,Zech McPhearson,32,Los Angeles Rams,LAR,NFC,WEST,Cornerback,41,Active
13875153,Zeek,Biggers,Zeek Biggers,5,Miami Dolphins,MIA,AFC,EAST,Defensive Tackle,93,Active
13878556,Zemaiah,Vaughn,Zemaiah Vaughn,23,Minnesota Vikings,MIN,NFC,NORTH,Cornerback,34,Active
13878705,Zion,Childress,Zion Childress,29,Carolina Panthers,CAR,NFC,SOUTH,Cornerback,,Active
279595,Zion,Johnson,Zion Johnson,8,Cleveland Browns,CLE,AFC,NORTH,Guard,77,Active
33936430,Zion,Washington,Zion Washington,8,Cleveland Browns,CLE,AFC,NORTH,Safety,34,Active
33935177,Zion,Young,Zion Young,6,Baltimore Ravens,BAL,AFC,NORTH,Linebacker,9,Active
2429,Zyon,McCollum,Zyon McCollum,28,Tampa Bay Buccaneers,TB,NFC,SOUTH,Cornerback,27,Active